id,game_id,review_count
4732459,242408,0.060778056661537
3571611,27789,0.017636452750726
3571620,1020,0.013724439175242
3571638,1879,0.009718001632531
3571650,7360,0.009642924408791
3571652,3277,0.00846529654445
3571614,891,0.008008090110374
3571646,3278,0.007995920829458
3571618,136879,0.007929668919923
3571636,119133,0.007285551983655
3571632,250616,0.007016366110824
3571608,114795,0.006860158049381
3571622,124,0.006646447550065
3571658,17000,0.006110116658312
3571691,3070,0.005980556908904
3571676,1877,0.005825541643834
3571683,1942,0.005759544841039
3571678,18866,0.005496626320249
3571695,132516,0.005300559554568
3571641,119171,0.005244594651905
3571628,2165,0.005219938930343
3571717,25076,0.005057608307169
3571657,10239,0.005034359120058
3571685,111469,0.004831756106044
3571666,2058,0.004571802339245
3571660,7504,0.004328478773902
3571634,2903,0.004319598301483
3571648,25657,0.004313482634529
3571710,11198,0.004021171680568
3571623,7878,0.00382913835927
3571694,104967,0.003446202460058
3571743,17832,0.003440914166311
3571706,36926,0.003401813887513
3571715,212089,0.003358859428527
3571687,119313,0.00326635220923
3571745,3042,0.003155270461441
3571945,72,0.002988954657321
3571795,2117,0.002966491474757
3571815,11642,0.002964209303661
3571825,14593,0.002867854798953
3572020,11133,0.002852886238687
3571785,9630,0.002704731276456
3571644,10233,0.002664527833383
3571612,151665,0.002624903551554
3571712,3189,0.002599765195621
3571748,5574,0.002551384547353
3571856,11137,0.002449286693635
3572063,103380,0.002440475168982
3571823,3225,0.002432877125033
3571783,19130,0.00241262027102
3571698,11544,0.002388378236061
3571723,27082,0.002388067971108
3571859,7789,0.002367804222319
3571989,27134,0.002364908416095
3571811,15894,0.00235904785588
3571813,19457,0.002323939652805
3571700,127352,0.002240299116374
3571835,17131,0.002222034852834
3571761,76882,0.002221731482659
3571679,136625,0.002215946764988
3571809,472,0.002187567863995
3571839,9254,0.002162939721539
3571801,28512,0.002162043400565
3571719,125166,0.002053085244006
3571689,1011,0.002035462194702
3571916,82090,0.002005807760015
3571616,24654,0.001977959756829
3571768,1881,0.001953042033751
3571944,122646,0.00194269297389
3571917,113112,0.001928751735355
3571854,9509,0.001912424904074
3571857,16,0.001907136610327
3571774,9066,0.001901372576987
3571931,12517,0.001881805200646
3571776,9608,0.001822916912652
3571999,17447,0.001766359059191
3571770,127346,0.001748143059088
3571888,186725,0.001725997036253
3571791,83728,0.001725679876523
3571729,241,0.001725383401124
3571759,7291,0.00171142147826
3571821,1164,0.00170942199301
3571766,233,0.001693543322216
3571933,7348,0.001668997917081
3571680,33615,0.001657194059331
3572034,28489,0.001628518682939
3571663,1911,0.001620899954659
3571797,90558,0.001600029465518
3572468,143166,0.00156583137297
3571948,141503,0.001555661577303
3571630,279661,0.001505922658021
3571871,135243,0.001505702025166
3571921,7046,0.001483818003846
3571861,70385,0.001477612704795
3571749,16992,0.001473000099168
3571976,55935,0.001452846666805
3572647,9495,0.001451702133869
3571991,9789,0.001451467711461
3571902,7351,0.001429142424431
3571959,103298,0.001420503269196
3571778,866,0.001408361567387
3571733,328373,0.001406817137401
3571757,18094,0.001406624083652
3571626,26128,0.001392889688419
3571985,102584,0.001343309349002
3572057,94085,0.001329457742565
3571978,11800,0.001310862529742
3571940,9061,0.001288185609099
3571793,332780,0.001279960140468
3572072,11582,0.001278519132133
3571935,40477,0.001256759216794
3571731,307,0.001256462741395
3571831,132181,0.001252836088839
3571737,71,0.001225484509578
3572006,26381,0.001224581293827
3571721,103281,0.001220658165871
3572172,9667,0.001208564727499
3571670,27912,0.001208461305848
3572032,731,0.001207854565496
3572166,28552,0.001196085181629
3571878,19686,0.001191810420061
3572059,103054,0.001187232288317
3571739,3212,0.00117712454564
3571867,124333,0.001170395243558
3571914,7599,0.00116660311636
3572145,14362,0.001166589326807
3571640,125642,0.00116536205655
3571937,26855,0.001161521665915
3572028,2025,0.001147325320642
3572099,96437,0.001141271706679
3572076,3019,0.001136990050334
3571875,185252,0.001120987273559
3572102,55056,0.001120139216022
3572310,4843,0.001118374153181
3572127,74701,0.001093366798005
3572053,19560,0.001089491933487
3572038,110248,0.001079770298307
3571881,1081,0.001062574725159
3572196,251833,0.001058803282292
3571906,178351,0.001050991500264
3571803,205780,0.001044000196667
3571884,5597,0.001043807142918
3572022,11162,0.001035981571337
3572067,8965,0.001030465749959
3572178,19164,0.00102776989226
3571704,231,0.001021950700705
3571727,7393,0.001021537014102
3571654,5587,0.001010443318354
3571910,76253,0.001007554406907
3571849,294661,0.001000370049562
3571920,50531,0.000986808023747
3571708,7435,0.00098431900935
3572418,538,0.000969970978988
3572440,11208,0.000966433958529
3572192,5503,0.000965599690546
3572133,20546,0.000964751633009
3572742,16287,0.000952147981159
3572303,32365,0.000949252174935
3572244,37001,0.000942447030309
3572416,7323,0.00093893069418
3572081,21642,0.000937296632097
3571895,1904,0.000926906203575
3572242,55189,0.000921990227771
3572089,119161,0.000916005561575
3572208,3239,0.000912503015
3572527,139090,0.000909352102037
3572024,203722,0.000891708368402
3572472,81085,0.000891487735547
3572271,13205,0.000889122827131
3572141,19542,0.000885220383506
3571968,142391,0.000882607263127
3572376,6739,0.000880414724129
3572224,3102,0.000876753597689
3572409,18088,0.000875071272169
3572368,124954,0.000875009219178
3572260,6748,0.000874712743779
3572363,1910,0.000866521749032
3571805,3153,0.000865970166894
3573319,72870,0.000863205361428
3572285,133152,0.000861281718722
3572509,7579,0.000860957664216
3571929,28028,0.000856689797424
3572095,23248,0.000851822085058
3572184,65832,0.000845699523328
3572337,103020,0.000844947992665
3572044,8187,0.000842272819296
3572367,37016,0.000836439838188
3572153,154986,0.000833378557323
3572693,26226,0.000831523862384
3572226,143114,0.000826394148502
3571725,5607,0.000825966672345
3571983,148228,0.000823512131832
3572578,86316,0.000823436289288
3572123,55163,0.000822891601927
3571890,182278,0.000815045346016
3571827,7871,0.00081396286607
3572190,188213,0.000804703180931
3572353,8222,0.000804689391377
3572010,3109,0.000800193996954
3572552,529,0.000786135547215
3573038,28540,0.000782529578989
3572703,101440,0.00078149536248
3572297,16611,0.000781060991547
3572492,135998,0.000778833978665
3571817,138950,0.000776848282969
3572444,8347,0.000776179489626
3572148,138949,0.000774917745486
3572424,27729,0.000773593948355
3571964,31712,0.000773007892334
3571966,114684,0.000770422351062
3572643,26472,0.000770229297314
3573050,255777,0.000765920061862
3572206,305152,0.000765540849142
3572048,6880,0.000765092688655
3571672,95118,0.000762720885463
3572003,9174,0.000759776815802
3571925,1369,0.000757218853637
3572291,3152,0.000757156800647
3571873,256092,0.00075548826468
3572480,122666,0.000754716049687
3572018,16999,0.00074094718057
3572158,27421,0.00073924417072
3572752,115060,0.000737320528014
3572230,1384,0.000735376200978
3572332,112916,0.00073278376493
3571955,80961,0.00071529861116
3572488,165351,0.000711734011594
3572863,114283,0.000711154850349
3572220,19561,0.000711147955572
3572384,197202,0.000706914562664
3572264,298526,0.000705590765533
3572364,7706,0.000701474583829
3571886,10919,0.000701205687537
3571923,2950,0.000698792515684
3572246,2955,0.000689643146972
3572287,1985,0.000688939879746
3571735,95308,0.000688353823725
3571772,1907,0.000687616082616
3572553,134483,0.000683768797204
3572060,176057,0.000681989944809
3572354,30225,0.000676618913742
3572305,19562,0.000674626323269
3572395,199116,0.000674316058316
3572889,126098,0.000670372246031
3572539,107315,0.000666449118075
3572289,11171,0.000665876851607
3572682,281275,0.000658733862922
3572125,27744,0.000655996636562
3574600,25838,0.000653652412477
3572426,28856,0.000647178217133
3572008,2114,0.000642579401059
3571833,24515,0.000641400394239
3572216,7498,0.00063988354336
3571781,9728,0.000636870525932
3571753,172771,0.000636615419193
3573455,134070,0.000632892239763
3573677,21453,0.00063014122385
3572593,115115,0.000629044954351
3571869,119416,0.000626693835488
3572012,3025,0.000625459670455
3572633,9730,0.000623549817303
3572215,432,0.000615207137467
3572722,11059,0.000610201529566
3572248,29770,0.000607933148024
3572731,117717,0.000605699240366
3574001,1184,0.000605609608269
3572110,20740,0.000600286840638
3572717,103222,0.000599928312248
3571865,6292,0.000599287098013
3572117,11182,0.000589930886
3572210,139078,0.000586662761833
3572157,125624,0.000582725844324
3572555,146112,0.00058269137044
3573261,11737,0.000582525895799
3572912,22917,0.000575355328007
3572560,51443,0.000575134695151
3572407,378,0.000574286637615
3572069,19698,0.000572776681512
3572573,55536,0.000572080309063
3572240,27832,0.000570225614124
3572162,2552,0.000569922243949
3572180,732,0.00056970850587
3572464,139708,0.000568915606547
3572466,36897,0.000568557078157
3572614,20065,0.000568364024409
3572267,19441,0.000567984811689
3572150,533,0.000567922758699
3571668,284415,0.000566729962326
3571741,28751,0.000563399785168
3572070,325594,0.0005623242
3572597,55029,0.000557580593614
3572623,101461,0.000555746583006
3572848,5025,0.000553381674589
3573520,26673,0.000553216199948
3572087,386,0.000551830349827
3572308,3241,0.000550837501979
3573615,204350,0.00055058239524
3572831,37777,0.00054774174723
3572130,1122,0.000544046146906
3572486,52006,0.000541081392915
3573358,234702,0.000540178177164
3574185,21040,0.000538737168829
3572174,248643,0.000538344166556
3572379,14389,0.000534434828154
3573707,18093,0.000533352348208
3572040,1981,0.000531890655543
3572586,228542,0.000531187388317
3572356,72373,0.000530918492025
3571972,34549,0.000529325798602
3572436,250509,0.000523968557088
3574764,8968,0.000520652169484
3572789,27344,0.000519411109674
3572111,3075,0.000517466782638
3571997,103210,0.000516715251975
3572005,308698,0.000515701719797
3572521,87210,0.000514488239093
3572143,83731,0.000514433080879
3572382,11119,0.000513302337497
3571962,3084,0.000513026546428
3572320,5606,0.000512240541881
3571819,15407,0.000511957856036
3572422,2935,0.000511502800772
3572204,2918,0.000508896575171
3571807,1265,0.000508103675847
3572735,27862,0.000507807200448
3572256,1871,0.000507648620584
3572999,26481,0.000507490040719
3572595,240902,0.000506931563805
3571987,56012,0.000506662667512
3573026,11397,0.000506635088405
3572564,7603,0.000506573035415
3572872,114392,0.000506566140638
3572338,36911,0.00050315322616
3572414,103341,0.000501946640234
3571958,1338,0.000498699200397
3572316,137206,0.000497251297285
3572396,2605,0.000493762540263
3573314,113739,0.000492555954336
3572438,32617,0.000491066682564
3572635,26401,0.000490963260913
3572950,143228,0.000490652995961
3573071,52642,0.00049054957431
3571891,1970,0.000490018676502
3572733,20150,0.000490004886949
3572116,8351,0.000487184923269
3572686,18829,0.000484551118561
3572470,50199,0.000483296269197
3572750,20228,0.000475939542433
3572645,21704,0.000473229895181
3572064,873,0.000472981683219
3572372,5335,0.000472843787684
3572922,116200,0.00047188541372
3572515,274920,0.000471195936048
3572341,1262,0.000470947724086
3572131,7342,0.000469161976914
3571912,114,0.000468513867902
3573111,18148,0.000466617804303
3572093,2949,0.000465204375075
3572212,311540,0.000464949268336
3572529,24985,0.0004625016226
3573499,201156,0.000462322358405
3572412,19456,0.00046180525015
3572455,127165,0.000461646670286
3572906,141338,0.000460440084359
3573333,135818,0.000459833344008
3572312,2126,0.000459426552181
3572544,1876,0.000455882636945
3573052,319271,0.000453745256161
3572042,12731,0.000452979935945
3572549,325591,0.000452793776973
3572501,119295,0.000452752408313
3571880,2358,0.00045122176788
3572759,279634,0.000449401546825
3572781,153700,0.000448953386338
3571950,135842,0.000448477646744
3574547,27150,0.000447505483226
3573437,138933,0.000447188323497
3572523,18918,0.000446057580114
3572055,34894,0.000442224084256
3572121,228525,0.000442175820819
3572135,137989,0.000441486343147
3572904,28204,0.000436094627749
3572806,121752,0.0004353982553
3573132,27316,0.000434660514191
3572083,979,0.000434088247723
3572281,11118,0.000432867872243
3572676,19541,0.000432412816979
3572887,36646,0.000428144950187
3571941,122,0.000426745310512
3571898,15563,0.000422677392246
3572198,6801,0.000422422285507
3573273,217590,0.000421050224939
3572374,4754,0.000419416162856
3571799,114285,0.000418326788133
3572360,103616,0.000418078576171
3572842,102058,0.000416913358905
3573190,2132,0.000416299723777
3573137,228535,0.000416189407349
3572258,11177,0.000415548193114
3573117,125764,0.000409425631383
3572113,23193,0.000409191208975
3572326,275070,0.000408984365673
3572014,9591,0.000407936359611
3572639,18366,0.000407860517067
3572160,5973,0.000405964453468
3572474,27270,0.000404668235444
3572155,103629,0.000401779323997
3572301,34293,0.00040171037623
3571864,559,0.000400710633605
3572201,545,0.000397504562429
3572232,18166,0.000396884032524
3573007,111474,0.000396346239939
3572490,7344,0.000395842921239
3572843,28168,0.000395194812227
3572194,1331,0.000394960389818
3572536,2003,0.000394815599507
3571851,1902,0.000394153700941
3572170,152087,0.000393581434473
3572719,960,0.00039352627626
3573354,2033,0.00039154747534
3571927,103224,0.000391230315611
3572818,191692,0.000390699417803
3573441,11492,0.000389610043081
3572583,2031,0.000389341146788
3572269,1318,0.000388961934069
3573508,140839,0.000388368983271
3573100,134101,0.000388058718318
3572277,7292,0.00038784498024
3572899,28175,0.000386314339807
3572016,334647,0.000385287018075
3572386,530,0.000384045958265
3572960,7601,0.000383790851526
3573263,14390,0.000382660108144
3572307,40,0.000379192035452
3573182,152127,0.000379067929471
3572661,1377,0.0003785852951
3573150,127842,0.000378530136886
3572462,1082,0.000377282182299
3573113,114009,0.00037700639123
3572458,127,0.000376771968822
3572588,102868,0.000375965279945
3573343,143574,0.000374496692503
3572435,54996,0.000372014572883
3572299,105322,0.000371035514588
3574151,23181,0.000370277089149
3572729,55034,0.000370166772721
3572079,142,0.000367401967255
3572371,265111,0.000366374645523
3573665,36623,0.000365023269285
3573168,19449,0.000364616477459
3572381,105049,0.000364333791613
3574470,296195,0.000363906315456
3573350,148372,0.000362789361627
3572097,267306,0.000362375675024
3574219,148241,0.000361872356323
3572977,9898,0.000361437985389
3572938,138590,0.000361355248069
3572584,8499,0.000360162451695
3575780,6705,0.000356370324498
3573020,27792,0.000356149691642
3572756,40470,0.000355225791562
3572624,22739,0.000355205107231
3573219,26820,0.000354970684823
3573980,207393,0.000354908631832
3574633,159119,0.00035341936006
3574422,19531,0.000351861140521
3572078,558,0.000349834076164
3573251,120710,0.000349551390318
3572862,59,0.00034929628358
3572800,27844,0.00034929628358
3572715,21892,0.000348827438762
3572218,625,0.000348524068587
3572777,279627,0.000348413752159
3573058,103329,0.000347827696137
3573256,125165,0.000346821058736
3573335,30650,0.000345579998926
3572919,9047,0.000343042721091
3573643,219442,0.00034203608369
3572567,1062,0.000338967908048
3573005,847,0.000338650748319
3572503,36616,0.000336223786912
3572351,317695,0.000334741409917
3571904,20757,0.000333445191893
3573208,55057,0.000333307296358
3572918,18158,0.000333017715736
3572641,14758,0.00033227307985
3572400,22788,0.000330942387942
3574107,113649,0.000329880592327
3573485,122589,0.000326998575656
3573166,320,0.000326060886022
3573840,146564,0.000325467935224
3574579,134813,0.00032455092992
3572794,119342,0.000323785609703
3574043,6632,0.000323730451489
3572428,16300,0.000321889546104
3575462,8188,0.000321434490841
3573517,119304,0.000320034851166
3573356,188228,0.000319883166078
3574051,141365,0.000318435262966
3573645,8751,0.000315973827676
3572835,134595,0.000315656667946
3573115,1121,0.00031524987612
3574037,140972,0.000313684761804
3571995,105482,0.000313174548326
3573239,253391,0.000313119390112
3572674,9727,0.000312781546053
3573419,121998,0.000311409485485
3574516,11233,0.000310630375715
3573481,119305,0.000310526954064
3573347,201506,0.000310485585404
3572494,3035,0.000310140846568
3573108,110411,0.000307472567976
3573054,36952,0.000306796879857
3574035,5572,0.000306134981292
3572202,1337,0.000305721294688
3576230,2368,0.000305604083484
3573758,27091,0.000303839020643
3573988,126489,0.000303797651982
3573346,164867,0.000303135753417
3573395,30002,0.000302901331008
3574378,107215,0.000302549697395
3574031,134581,0.000301170742051
3572589,8258,0.000300963898749
3573225,27384,0.000300936319642
3572177,27093,0.000300819108438
3573018,11708,0.000300005524785
3573773,255788,0.000299660785948
3574270,43165,0.000298336988818
3575266,222341,0.000296813243162
3573695,121760,0.000296764979725
3571900,23636,0.000296151344596
3571993,16957,0.000294420755639
3574221,252647,0.000293489960781
3573148,113116,0.000293262433149
3572222,6032,0.000292193742757
3573386,109826,0.000292111005436
3573062,14761,0.000291490475531
3573993,305006,0.000291290527006
3572629,2002,0.000291276737453
3573671,21593,0.000290497627683
3571974,247,0.000288077561053
3574097,16305,0.000287519084139
3572432,114455,0.000287450136371
3574739,139082,0.000286533131067
3572746,20331,0.00028604360192
3574111,164994,0.000283926905466
3573223,1334,0.000282651371772
3574047,25580,0.000281865367226
3572252,9425,0.000281672313477
3572738,9498,0.000281651629147
3572860,3812,0.000281486154506
3572705,1976,0.000280658781299
3573075,65445,0.000279266036401
3572613,30208,0.000279093666983
3572151,1381,0.000277328604142
3574210,132205,0.000276459862274
3572610,9928,0.000274350060597
3574316,30548,0.000273529582167
3574346,138858,0.000272571208203
3573362,152063,0.000272453996998
3572869,309862,0.000272336785794
3573158,10760,0.00027224025892
3573164,93832,0.000271895520084
3573624,141538,0.0002718610462
3572026,3224,0.000271047462547
3575218,152249,0.000269985666931
3574858,157446,0.000269537506444
3573142,134599,0.000269282399706
3573341,89444,0.000268503289936
3575566,100357,0.000268489500382
3572698,121346,0.000267813812263
3572967,7205,0.000267351862223
3572914,263205,0.00026702091294
3572603,75140,0.000266683068881
3573028,3772,0.000266255592724
3572186,103381,0.000266069433752
3571970,1908,0.000266034959869
3574974,109666,0.000266007380762
3572723,127254,0.00026542132474
3572802,11247,0.000265283429206
3572605,19530,0.00026451810899
3573511,76747,0.000261967041602
3573009,206336,0.000261904988612
3573655,135881,0.000261601618436
3573327,54789,0.000259905503362
3572322,1051,0.000259602133186
3572254,93834,0.000259436658545
3574014,142941,0.00025929876301
3572936,136770,0.000258209388288
3572533,1983,0.000257809491238
3572995,8036,0.000257292382984
3573812,144024,0.000257223435216
3572821,29004,0.000257126908342
3572036,1014,0.000257120013566
3574338,21610,0.00025685801205
3573304,19085,0.000256740800846
3572182,11157,0.000256485694107
3572050,3769,0.000256409851563
3572537,352,0.00025639606201
3572991,207383,0.00025601684929
3574630,239392,0.000255968585853
3573365,167432,0.000255155002199
3572525,9527,0.000253314096814
3572908,145341,0.000252748725123
3574006,152064,0.000252610829589
3571787,62151,0.000252583250482
3573130,18090,0.000252300564636
3574055,240556,0.000252059247451
3573351,44143,0.000251838614596
3575432,15465,0.000251397348885
3573320,9658,0.000251031925719
3572164,2584,0.000250887135408
3572484,6574,0.000250514817465
3572228,8584,0.000250018393541
3574023,121087,0.000248342962797
3575542,144569,0.00024789480231
3573750,21646,0.000247012270889
3573109,61616,0.000246881270131
3572971,2599,0.00024671579549
3573457,115789,0.000245998738711
3573760,2993,0.000245991843934
3572446,32614,0.000244909363989
3572649,885,0.000244723205017
3572954,441,0.000244626678143
3572754,9902,0.000243440776547
3576554,126032,0.000243420092216
3575466,115843,0.00024339251311
3573726,123689,0.000242123874192
3574102,145838,0.000241910136114
3572701,8200,0.00024181360924
3573135,130203,0.00024179292491
3573828,17904,0.000240579444206
3572670,68461,0.00024057254943
3574095,26602,0.00024021402104
3572542,119270,0.00023981412399
3573282,141533,0.000238966066453
3574804,1352,0.000237952534275
3574394,131760,0.000237931849945
3574348,33720,0.000237380267807
3571909,76064,0.000237290635709
3574370,81997,0.000236456367726
3572106,111,0.000235167044479
3573995,26950,0.000235042938498
3572657,109,0.000234601672787
3574053,109733,0.000233663983153
3572001,30537,0.000233146874899
3574774,248994,0.000233071032355
3573213,150463,0.000232181606157
3574021,152243,0.000231795498661
3573991,306822,0.000231492128485
3572725,36929,0.00023043033287
3573326,440,0.000229899435062
3575192,233585,0.000229864961178
3573233,82117,0.000229416800691
3575540,36550,0.000229334063371
3573893,19249,0.00022923064172
3574418,156150,0.000229223746943
3574173,29411,0.00022798958191
3572985,112104,0.0002272518408
3572727,260,0.000226907101964
3573962,13182,0.000226782995983
3572934,11291,0.000225217881667
3575203,118218,0.000224514614441
3572798,498,0.000224238823372
3572973,113111,0.000221880809733
3572478,28723,0.000220901751438
3575291,203852,0.000220846593224
3574303,308034,0.000220453590951
3572506,25653,0.000220274326756
3573032,14762,0.000219915798367
3574099,225590,0.000219777902832
3573380,7386,0.000219674481181
3571953,338,0.000219405584889
3571980,122080,0.000218854002751
3572901,116,0.000218826423644
3573651,126381,0.000218412737041
3573503,3097,0.000218143840749
3574706,146042,0.000218081787758
3577165,17379,0.00021793010267
3573105,18279,0.000217619837718
3572695,14523,0.000217316467542
3574569,147519,0.000216578726433
3572932,112875,0.000216413251791
3572085,2042,0.000216233987596
3574408,80332,0.000215916827867
3573199,109148,0.00021586856443
3574748,219126,0.000215627247245
3575908,128513,0.000215296297962
3574884,15443,0.000214827453145
3574773,117514,0.000214020764268
3573663,228175,0.00021388976351
3573099,17112,0.000213565709004
3574768,133004,0.000213558814228
3574278,7605,0.000213441603023
3572168,20,0.000213262338829
3576144,202696,0.000213186496285
3573421,19554,0.000212938284323
3572504,108559,0.000212841757449
3571789,203259,0.000212393596962
3577348,201789,0.000211138747598
3573172,3022,0.000210925009519
3574412,113119,0.000210669902781
3574251,7842,0.000209814950467
3572795,578,0.000209711528816
3572460,15746,0.000209663265379
3572879,4786,0.0002089462086
3573885,103261,0.000208897945163
3575837,261269,0.000208842786949
3572856,134071,0.000208663522754
3575285,138747,0.000208332573471
3572808,76725,0.000208284310034
3574482,25714,0.000208056782403
3575310,243378,0.000207925781645
3573048,68447,0.000207884412984
3572391,70985,0.00020776720178
3573619,28649,0.000207270777856
3573622,33027,0.00020692603902
3573042,27310,0.000206822617369
3573328,1254,0.000206732985272
3576426,139295,0.000206395141212
3576798,264410,0.000205905612065
3573323,152604,0.0002057470322
3572989,26651,0.000204878290333
3574553,168670,0.000204699026138
3572823,8263,0.000204630078371
3575394,3173,0.000204264655205
3573331,13192,0.000203919916369
3575688,121759,0.000202596119238
3573180,19474,0.000202458223703
3573826,152257,0.000202265169955
3575701,28311,0.000201948010226
3572885,11161,0.000201906641565
3572981,733,0.000201851483352
3573905,113598,0.000201361954204
3574362,126179,0.000200817266843
3573388,33501,0.000200610423541
3573197,14177,0.00020040358024
3572956,36662,0.000200320842919
3575287,235846,0.000200079525734
3575098,9643,0.000200058841404
3574149,30099,0.000200010577966
3575308,11625,0.000199927840646
4683480,238884,0.00019962447047
3571837,7211,0.000199369363731
3573322,36813,0.000199300415964
3573805,194821,0.000199231468197
3573139,7725,0.000197804249415
3572773,228456,0.000197045823975
3573633,25647,0.000196397714963
3573463,22778,0.000196190871662
3573097,27911,0.000195894396263
3573247,18968,0.000195659973854
3574250,126763,0.000195391077562
3574878,153963,0.000194770547657
3573883,11426,0.000194680915559
3573024,198295,0.0001943430715
3574405,286339,0.000194177596859
3573384,3750,0.000194019016994
3572744,9740,0.000193915595343
3573777,37424,0.000193853542353
3572571,149761,0.000193736331148
3573345,29667,0.000193377802759
3574039,1342,0.000193239907224
4593369,392808,0.000193129590797
3573848,55803,0.000192060900404
3574093,229794,0.000191833372773
3573375,24905,0.000191309369742
3573964,199748,0.000191116315993
3572663,527,0.000191088736886
3574033,204628,0.000190902577915
3572279,9628,0.000190716418943
3572825,37,0.000190709524167
3574195,117820,0.000190481996535
3573930,134799,0.000190275153233
3574638,152122,0.000189875256183
3573894,25901,0.000189792518863
3573771,11813,0.000189247831501
3574245,9655,0.000188861724005
3574061,90055,0.000188296352314
3573936,121731,0.000187848191827
3572965,11064,0.000187744770176
3573095,25252,0.00018750345299
3572979,36649,0.000187475873883
3575092,126290,0.000187179398484
3572496,8366,0.000186965660406
3574109,134706,0.000186531289472
3574328,172820,0.000185869390907
3573366,133344,0.000185745284926
3573854,25964,0.000185648758052
3576606,26653,0.000185634968498
3575368,133379,0.000185193702788
3572814,87776,0.000184786910961
3573015,8254,0.000184552488553
3572609,109096,0.000184407698242
3572828,1281,0.000184304276591
3572771,34294,0.000183552745928
3572358,12482,0.000183511377268
3575434,9694,0.000183476903384
3571828,87352,0.000183228691422
3572684,28574,0.000183194217538
3571841,297,0.000183111480218
3574402,102060,0.000182725372721
3573044,56,0.000181911789068
3574533,140427,0.000181215416619
3573976,119422,0.000180849993452
3573487,2050,0.000180484570286
3573034,103244,0.000180346674752
3572328,6057,0.000180305306091
3575264,264773,0.000180174305333
3573691,21062,0.000180167410557
3574495,7352,0.000180043304576
3573409,152123,0.000179664091856
3574392,113114,0.000179622723196
3575458,7327,0.000179560670205
3574114,38,0.000178891876863
3576328,14206,0.000178616085794
3575764,63813,0.000178574717134
3574604,198200,0.000177471552858
3573767,86430,0.00017685791773
3572816,36261,0.000176526968447
3572607,232,0.000176237387824
3572627,17438,0.000176216703494
3575311,131999,0.000176106387067
3573312,34951,0.000176002965416
3573926,192192,0.000175623752696
3572120,2976,0.000175506541492
3573753,2948,0.000175251434753
3573093,442,0.000174886011587
3572804,5611,0.000174699852615
3574243,141416,0.000174382692886
3575013,506,0.000173969006283
3572707,3078,0.000173893163739
3574018,123783,0.00017321747562
3573125,7886,0.000173169212183
3575074,28164,0.000173162317406
3572858,11707,0.000173162317406
3573997,55036,0.000172996842765
3572688,623,0.000172852052453
3575196,122522,0.000172665893482
3573293,19409,0.000172431471073
3573103,10192,0.000172259101655
3576894,277143,0.000170811198543
3573243,54572,0.000170700882116
3574323,144153,0.000170514723144
3574179,3251,0.000170135510424
3573134,81141,0.000170052773104
3572946,1593,0.00016995624623
3575052,228532,0.000169935561899
3572829,57372,0.000169535664849
3574105,120322,0.000169501190966
3573814,118993,0.000168804818517
3576806,150010,0.000168784134187
3574342,14394,0.000167743022901
3573370,118,0.000167612022144
3577103,182202,0.00016671570117
3574468,1040,0.000166074486934
3573989,114422,0.000166060697381
3573699,114830,0.000165874538409
3572393,136042,0.000165778011535
3574694,210395,0.000165219534621
3572574,139077,0.000164785163687
3574986,30155,0.000164440424851
3573336,55123,0.000164419740521
3572477,17696,0.000164399056191
4400631,211196,0.000164171528559
3573889,2682,0.000164006053917
3573705,112925,0.000163337260575
3572283,9265,0.00016311662772
3572236,90561,0.000162840836651
3573713,10965,0.000162737415
3572482,15773,0.000162737415
3573497,23582,0.000162192727639
3576223,32283,0.000161944515677
3573081,25260,0.000161813514919
3572442,142901,0.000161592882064
3576076,132907,0.000161544618627
3575047,14314,0.000161406723093
3573378,151353,0.000161344670102
3574382,103292,0.000160710350644
3572993,4,0.000160393190914
3573762,17432,0.000160186347613
3573453,17012,0.000160186347613
3572837,116100,0.000159545133377
3573022,113,0.00015951755427
3575796,11764,0.000159179710211
3573858,266382,0.000158910813919
3575992,31551,0.000158876340035
3574526,127939,0.000158641917627
3572840,120619,0.000158269599684
3573205,133307,0.000157780070536
3573317,20052,0.00015705611898
3574672,220348,0.000156987171213
3574199,3193,0.000156856170455
3574103,268842,0.000156752748804
3574009,132139,0.00015657348461
3575396,154775,0.000156559695056
3573407,103288,0.000156518326396
3574191,9195,0.000156490747289
3573459,103218,0.000156456273405
3572761,3267,0.000156435589075
3575485,136993,0.000156277009211
3580034,27523,0.000156159798006
3573435,128004,0.000156104639792
3573195,6038,0.000155670268859
3573923,26580,0.000155553057655
3573073,18980,0.000155249687479
3590469,500,0.00015501526507
3574631,144098,0.000154829106099
3579279,198499,0.000154808421768
3572655,57217,0.000154511946369
3574171,19470,0.000154422314272
3574226,90099,0.000154222365747
3573957,266676,0.000153987943338
3573955,34269,0.000153898311241
3574742,19520,0.000153856942581
3573473,6009,0.000153684573163
3574460,83368,0.000153519098521
3573666,4840,0.000153436361201
3576046,116667,0.000153257097006
4640408,275459,0.000153105411918
3572617,116238,0.000153084727588
3572399,13,0.000153050253704
3573127,11550,0.00015299509549
3575509,103065,0.000152891673839
3574123,31194,0.000152719304421
3574260,7857,0.000152519355896
3573793,18984,0.000152402144692
3573249,72813,0.000152402144692
3573431,28722,0.000152305617818
3572137,601,0.000152305617818
3572348,13686,0.000152291828264
3574340,8729,0.000152264249158
3573374,19549,0.000152064300633
3578808,115846,0.000151857457331
3574872,115830,0.000151809193894
3575996,13212,0.000151698877466
3572940,152061,0.000151588561039
3573659,23275,0.000151223137872
3574390,76638,0.000151140400552
3573215,27827,0.00015097492591
3575307,12595,0.000150837030376
3572763,165347,0.000150816346046
3573746,318002,0.000150788766939
3574972,129483,0.000150774977385
3573820,116499,0.000150678450511
3575204,210585,0.000150499186316
3572631,3202,0.000150464712433
3574350,137664,0.000150299237791
3575957,131653,0.000150147552703
4708609,241332,0.000149947604179
3575374,143061,0.000149809708644
3573433,86737,0.000149809708644
3572958,143440,0.000149726971323
3575814,137894,0.000149540812352
3573505,20392,0.000149520128022
3572293,6250,0.000149471864585
3573732,84313,0.000149451180254
3575313,302704,0.000149416706371
3574886,164290,0.000149120230972
3573607,17032,0.000149051283204
3572666,1183,0.00014853417495
3576982,185238,0.00014851349062
3573712,115425,0.000148506595843
3572513,168537,0.000147961908482
3574830,122559,0.000147768854734
3576292,213475,0.000147679222637
3576179,141543,0.00014767232786
3572104,7598,0.000146679480012
3573945,61859,0.000146383004613
3575207,27907,0.000146258898632
3573241,11364,0.000145824527698
3574549,144022,0.000145679737387
3574169,9181,0.000145410841095
3575009,7194,0.000145328103774
3573788,135789,0.000144983364938
3573141,576,0.000144900627617
3572139,3092,0.000144755837306
3574420,119177,0.000144707573869
3574307,36198,0.000144555888781
3574129,15,0.000144307676819
3573235,7408,0.000144114623071
3575119,24863,0.00014407325441
3577688,131634,0.000143976727536
3572975,31851,0.000143866411109
3573785,279051,0.000143818147671
3574442,9192,0.000143500987942
3576043,198506,0.000143363092408
3573353,142076,0.000143349302854
3577266,191435,0.000143342408078
3575157,113343,0.00014327346031
3575283,303808,0.000142825299823
3574145,132995,0.000142577087861
3573959,7709,0.00014239092889
3576070,27927,0.000142266822909
3575712,152242,0.000142101348267
3575023,236547,0.000141646293004
3574503,19935,0.000141480818362
3573427,87683,0.000141384291488
3575990,217592,0.000141315343721
3573720,75239,0.000141239501177
3576244,76263,0.000141198132517
3572250,826,0.000141108500419
3573913,130216,0.000140805130243
3573921,120170,0.000140605181718
3573418,124448,0.000140536233951
3575805,244243,0.000140150126455
3572420,14391,0.000140039810027
3574551,176677,0.000139888124939
3574354,27117,0.000139384806238
3576454,133236,0.000139102120393
3572689,7584,0.000138895277091
3574558,88392,0.000138805644994
3574788,27092,0.000138598801692
3574334,14144,0.000138219588972
3573184,120436,0.000137757638932
3572448,105,0.000137736954602
3575382,226035,0.000137605953844
3575027,129694,0.000137578374737
3573259,560,0.00013757147996
3576892,11276,0.000137399110542
3574688,89560,0.000137399110542
3576164,217623,0.000137337057552
3572787,27771,0.000137295688891
3573091,1305,0.000137254320231
3575757,4847,0.00013717158291
3574297,12579,0.000137137109027
3574922,228516,0.000136826844074
3573970,29211,0.000136592421665
3572891,544,0.000136323525373
3574501,137001,0.000135964996984
3574537,493,0.000135875364886
3572601,216178,0.00013553062605
3575198,18167,0.000135282414088
3574344,1887,0.000135103149893
3574902,138766,0.000134523988648
3573513,142688,0.000134475725211
3573887,11037,0.00013428956624
3574083,113175,0.000134234408026
3574449,54842,0.000133944827404
3573844,152297,0.000133903458743
3575125,47128,0.000133538035577
3574677,146957,0.000133407034819
3576650,204618,0.000133400140043
3572510,8372,0.000132986453439
3575045,51524,0.000132958874332
3574261,30408,0.000132931295225
3576015,194404,0.000132827873575
3572345,7555,0.00013266929371
3575404,52200,0.000132607240719
3574710,56859,0.000132496924292
3573795,23354,0.000132276291437
3573178,16664,0.000132262501883
3574177,36515,0.000132055658582
3573641,244167,0.000131862604833
3573475,3199,0.00013151097122
3579857,116753,0.000131442023453
3575839,287871,0.000131317917472
3576672,202864,0.000131228285375
3574386,11567,0.000131124863724
3574455,11821,0.00013111107417
3576252,127044,0.000131083495064
3574356,153054,0.000130993862966
3575479,19876,0.000130807703995
3572677,212,0.000130800809218
3574769,130530,0.000130621545023
3573679,5601,0.000130566386809
3573390,26951,0.000130525018149
3573934,25136,0.000130428491275
3573669,111033,0.000130304385294
3573162,2549,0.000129580433738
3573901,26772,0.000129566644184
3576674,36044,0.000129366695659
3573763,10148,0.000129215010572
3576750,159720,0.000129090904591
3573359,115201,0.000128718586647
3575150,145099,0.000128711691871
3573334,119308,0.00012867032321
3574490,2668,0.000128656533657
3573612,139858,0.000128546217229
3574137,2130,0.000128504848569
3572884,9278,0.000128456585132
3574968,38967,0.000128291110491
3575289,6707,0.000128284215714
3575347,2593,0.000128056688082
3573382,2977,0.000127643001479
3572810,107922,0.000127629211925
3575190,115555,0.000127594738042
3574113,10964,0.000127567158935
3573648,103295,0.000127546474604
3578365,3221,0.000127394789517
3577223,233027,0.000127222420098
3572767,137280,0.000127001787243
3575654,281485,0.00012696731336
3573799,18812,0.000126919049923
3575988,337712,0.000126863891709
3573942,20022,0.000126829417825
3574045,27741,0.000126781154388
3574466,27353,0.000126739785728
3573875,26709,0.000126684627514
3574525,122105,0.00012654673198
3573083,79824,0.000126415731222
3573405,23400,0.000125953781181
3574591,232571,0.000125836569977
3578567,201417,0.00012542977815
3572234,9786,0.000125305672169
3572598,20048,0.000124864406459
3573765,7570,0.000124533457176
3572403,3043,0.000124519667623
3573801,537,0.000124430035526
3573881,26196,0.000124340403428
3573501,115991,0.000124140454903
3577891,17084,0.000123968085485
3575823,3227,0.000123961190708
3577758,9136,0.000123871558611
3575137,389,0.000123623346649
3573722,1339,0.000123588872765
3573400,1368,0.000123526819775
3574614,107262,0.000123519924998
3576213,1906,0.000123340660803
3574462,9806,0.000123023501074
3572263,141536,0.000122313339071
3573735,2001,0.000122271970411
3577107,143612,0.000122196127867
3578936,204122,0.000121934126352
3574203,20871,0.000121782441264
3573522,468,0.000121423912874
3572238,54660,0.000121258438233
3574539,11597,0.000121237753903
3575845,111223,0.000121223964349
3574197,74849,0.000121189490466
3573744,509,0.000121079174038
3573465,279643,0.000120996436717
3574718,3049,0.000120851646406
3574908,26654,0.000120830962076
3573838,240558,0.000120762014309
3579968,91477,0.000120651697881
3574416,83504,0.000120596539667
3575228,46800,0.000120189747841
3573852,17252,0.000119948430655
3572852,28733,0.000119596797043
3578307,13542,0.000119493375392
3573649,145439,0.000119334795527
3574276,121618,0.000118969372361
3573834,2990,0.000118893529817
3574660,157130,0.000118700476068
3574650,89955,0.000118617738748
3575294,15734,0.00011846605366
3573960,18484,0.000118272999912
3574848,299190,0.000118197157368
3579540,200903,0.000118169578261
3573372,133302,0.000118073051387
3574352,20734,0.00011802478795
3574254,2064,0.000118004103619
3573999,102163,0.000117879997638
3573089,1267,0.000117790365541
3573069,10929,0.000117776575988
3573673,130788,0.000117700733444
3576092,2137,0.000117480100588
3573364,7420,0.000117383573714
3573156,654,0.000117011255771
3573121,270039,0.000116997466218
3575033,58580,0.000116956097557
3573932,76749,0.000116935413227
3573287,5328,0.00011690783412
3573850,517,0.000116769938586
3574077,119969,0.000116714780372
3573868,120560,0.000116687201265
3575279,35282,0.000116287304215
3576102,192150,0.000116156303458
3574257,19000,0.000116149408681
3573146,361,0.00011608735569
3576780,143628,0.000115914986272
3577173,283486,0.00011564608998
3575290,222803,0.000115197929493
3572531,1875,0.000115163455609
3573675,119239,0.000115011770522
3576138,55090,0.000114873874987
3573992,3188,0.00011480492722
3576725,278786,0.000114791137666
3575214,107300,0.000114715295122
3574433,27766,0.000114287818966
3573014,110077,0.000114184397315
3572997,34735,0.000113970659236
3581095,149340,0.000113867237585
3573211,2974,0.000113715552498
3575497,122611,0.0001136259204
3572334,35653,0.000113612130847
3573870,17446,0.000113453550982
3575129,1886,0.000113439761429
3575478,20927,0.000113315655448
3573311,73,0.000113308760671
3580371,2118,0.000113150180806
3575410,101211,0.000113115706923
3573003,1880,0.000113060548709
3578461,185724,0.0001128261263
3574520,20313,0.000112736494203
3575687,116133,0.000112495177017
3574330,117731,0.000112495177017
3573442,3029,0.000112336597153
3574740,8360,0.000112322807599
3574722,198230,0.000112253859832
3578583,27725,0.000112226280725
3574312,133409,0.000112095279968
3576197,11736,0.000111991858317
3572769,200611,0.000111778120238
3574862,144455,0.000111743646355
3576442,185249,0.000111736751578
3575570,287578,0.000111667803811
3573392,438,0.000111536803053
3577075,208417,0.000111371328412
3575072,26948,0.000111274801537
3573610,27011,0.000111198958994
3573291,11584,0.000111192064217
3575127,26848,0.000111088642566
3574644,1827,0.000110985220915
3573330,28278,0.000110730114176
3572653,6744,0.000110702535069
3575236,9241,0.000110661166409
3573079,148,0.000110619797749
3572405,9924,0.000110419849224
3576541,133512,0.000110268164136
3572785,138951,0.000110226795476
3575015,14554,0.00010998547829
3573410,25081,0.000109861372309
3575295,109535,0.000109826898426
3575879,14746,0.00010954421258
3573001,2369,0.00010954421258
3574517,2261,0.000109364948385
3576551,22395,0.000109289105841
3576543,24417,0.000109213263297
3573170,2129,0.00010918568419
3574624,58357,0.000108923682675
3573060,74,0.000108875419238
3573123,134560,0.00010870304982
3573842,11260,0.000108654786383
3572969,13226,0.000108572049062
3574800,6656,0.000108310047546
3573966,21623,0.000108213520672
3574441,152258,0.000108172152012
3574684,7767,0.000108054940808
3575918,173432,0.000108006677371
3576093,204354,0.00010790325572
3574602,35145,0.000107841202729
3573313,1991,0.000107296515368
3575244,144765,0.000107227567601
3574915,5508,0.000107027619076
3579382,109068,0.000107000039969
3575699,29207,0.000106917302648
3574059,19817,0.000106869039211
3574463,9499,0.000106427773501
3573717,14,0.000106413983948
3576519,119273,0.000106372615287
3574004,6404,0.000106372615287
3575258,19331,0.00010628298319
3572450,6578,0.000106020981674
3573856,27689,0.000105910665247
3573152,343,0.00010590377047
3572668,6247,0.000105800348819
3572452,33663,0.000105772769712
3574428,89326,0.000105627979401
3575159,10910,0.000105510768197
3574713,2112,0.000105469399536
3576207,18379,0.000105379767439
3573077,39,0.000105193608468
3574451,134588,0.000105076397263
3578361,130243,0.000104848869631
3574431,150045,0.000104835080078
3572952,28380,0.000104779921864
3576752,118171,0.000104773027087
3575086,26765,0.000104717868874
3574155,23733,0.000104669605437
3572342,8437,0.000104669605437
3573415,18433,0.000104628236776
3576496,156612,0.000104504130795
3573495,147340,0.000104497236018
3574577,189920,0.000104462762135
3574116,121231,0.000104186971066
3574274,240897,0.000103959443434
3575230,39755,0.000103911179997
3573978,25581,0.000103890495667
3573833,333956,0.00010386291656
3573530,8701,0.000103766389686
3575447,247935,0.000103676757588
3579963,203258,0.000103628494151
3576500,242148,0.000103607809821
3576572,23732,0.000103594020268
3573483,959,0.00010350438817
3573701,35577,0.000103407861296
3577393,158603,0.000103352703082
3574163,41895,0.000103338913529
3575167,106803,0.000103304439645
3573891,2988,0.000103290650092
3571751,93807,0.000103263070985
3574289,76410,0.000103249281432
3573119,22704,0.00010310449112
3576630,9599,0.000102890753042
3576918,8582,0.000102532224652
3573755,15931,0.000102518435099
3577197,272600,0.000102497750769
3574187,285168,0.000102497750769
3573683,19438,0.000102408118671
3572660,3210,0.000102408118671
3574027,6005,0.00010226332836
3572562,93898,0.000102070274612
3574690,253659,0.00010190479997
3574543,11583,0.000101704851446
3573779,13215,0.000101697956669
3573040,22344,0.000101656588008
3575984,136627,0.000101635903678
3574948,55628,0.000101608324571
3576039,138407,0.000101491113367
3572897,25811,0.000101449744707
3576157,113115,0.000101339428279
3573985,18,0.000101029163327
3572275,3076,0.000100974005113
3578850,143482,0.000100849899132
3572389,730,0.00010066374016
3573748,7658,0.000100629266277
3575666,8492,0.000100615476723
3576105,215036,0.00010058100284
3575281,17780,0.000100470686412
3572457,3119,0.000100436212528
3573661,34950,0.000100360369984
3573439,25358,0.000100332790878
3574924,107218,0.000100250053557
3574888,141130,0.000100236264003
3575430,19333,0.00010022247445
3574932,111837,0.000100050105032
3575041,238765,0.000100001841595
3576482,121230,9.9898419944e-05
3574497,143523,9.9850156507e-05
3572987,43178,9.9836366954e-05
3573946,132058,9.976052441e-05
3576150,17239,9.9677787089e-05
3572330,103301,9.9581260215e-05
3573301,21,9.9415785573e-05
3573860,5319,9.9339943029e-05
3573193,333,9.9284784816e-05
3574505,75694,9.9277890039e-05
3575134,24920,9.9250310932e-05
3572916,18074,9.9243416155e-05
3576294,26776,9.9133099728e-05
3575470,282566,9.896073031e-05
3575172,115054,9.8871098212e-05
3574510,123860,9.8746992231e-05
3571702,9471,9.8567728036e-05
3572672,2108,9.8533254153e-05
3572895,103283,9.8278147414e-05
3574029,192027,9.8174725763e-05
3578445,87672,9.816093621e-05
3575312,165390,9.816093621e-05
3574868,325554,9.8105777996e-05
3573903,4969,9.7988566792e-05
3573229,9804,9.7816197374e-05
3575556,35910,9.7602459295e-05
3574291,1266,9.7602459295e-05
3575719,44102,9.7540406305e-05
3574565,18962,9.7388721217e-05
3573349,3211,9.7374931663e-05
3578419,142415,9.7278404789e-05
3573253,121754,9.7099140594e-05
3576153,35467,9.6933665953e-05
3573085,115078,9.6775086088e-05
3572873,1048,9.6761296535e-05
3575303,105447,9.6575137563e-05
3572637,112870,9.6568242787e-05
3574928,69483,9.6513084573e-05
3579759,56109,9.6423452475e-05
3576054,126212,9.6361399485e-05
3573816,110474,9.6195924844e-05
3575800,37057,9.618213529e-05
3579711,119744,9.616145096e-05
3575106,21709,9.6113187523e-05
3574814,37059,9.6113187523e-05
3575019,121967,9.5837396454e-05
3575877,125110,9.572018525e-05
3575660,125628,9.572018525e-05
3575624,11,9.5616763599e-05
3574756,139458,9.5409920297e-05
3573332,11563,9.5065181461e-05
3577842,144465,9.4789390392e-05
3573797,9683,9.4692863518e-05
3577327,191797,9.4396388119e-05
3571674,10395,9.4361914235e-05
3577001,134826,9.4327440352e-05
3575851,134582,9.4299861245e-05
3576595,152376,9.4037859729e-05
3576193,19293,9.4017175399e-05
3575084,27114,9.3865490311e-05
3585322,252830,9.3734489553e-05
3574295,8773,9.3693120893e-05
3577285,217554,9.3589699242e-05
3573983,8792,9.3589699242e-05
3577286,182359,9.3562120135e-05
3573866,15108,9.3562120135e-05
3574127,32680,9.3424224601e-05
3573516,76885,9.336217161e-05
3577951,16969,9.334148728e-05
3578033,152180,9.3327697727e-05
3574854,275249,9.3307013397e-05
3575262,88461,9.3141538755e-05
3573425,21712,9.3058801434e-05
3573724,888,9.285885291e-05
3579113,287846,9.2838168579e-05
3576274,108349,9.2776115589e-05
3577044,132083,9.2369323762e-05
3572865,9807,9.2327955102e-05
3579773,135940,9.2300375995e-05
3574934,10067,9.2293481218e-05
3572812,3020,9.2265902111e-05
3573897,110846,9.2245217781e-05
3575778,7329,9.2217638674e-05
3576326,101439,9.2017690149e-05
3575116,224897,9.1948742382e-05
3575003,9182,9.1886689392e-05
3579644,214406,9.1790162517e-05
3574926,153,9.1493687118e-05
3575964,104899,9.1479897565e-05
3575490,182335,9.1273054263e-05
3575442,4756,9.1148948282e-05
3573295,296,9.1107579622e-05
3575520,34939,9.1093790068e-05
3575503,244398,9.1066210961e-05
3574360,50232,9.0962789311e-05
3574658,89354,9.0693893018e-05
3576348,186597,9.0680103465e-05
3575327,33953,9.0631840028e-05
3573217,1335,9.0590471368e-05
3575153,96250,9.0576681814e-05
3575039,132164,9.0445681056e-05
3576578,34071,9.0411207173e-05
3574700,9559,9.0411207173e-05
3572846,152266,9.0369838512e-05
3574734,3242,9.0273311638e-05
3579033,199218,9.0087152667e-05
3575634,26878,8.9652781733e-05
3575108,120163,8.9459727985e-05
3575900,192840,8.930114812e-05
3576533,14741,8.923909513e-05
3575296,127546,8.923909513e-05
3577147,72767,8.92184108e-05
3573299,1059,8.9073620488e-05
3574720,3247,8.8935724954e-05
3576118,1363,8.8832303303e-05
3574918,18967,8.8777145089e-05
3577143,75247,8.8522038351e-05
3573899,10264,8.8515143574e-05
3581943,128097,8.8453090583e-05
3575772,217311,8.8432406253e-05
3576984,278251,8.810145697e-05
3572775,466,8.8073877864e-05
3572569,1885,8.8025614426e-05
3573653,514,8.7963561436e-05
3575494,26227,8.7949771883e-05
3574424,18853,8.7894613669e-05
3573941,11602,8.7887718892e-05
3573909,18398,8.7825665902e-05
3576260,5447,8.7763612911e-05
3575271,86395,8.768087559e-05
3575505,283881,8.7646401707e-05
3575232,1216,8.7577453939e-05
3575324,131890,8.7549874833e-05
3576616,145855,8.7522295726e-05
3576605,132594,8.7411979298e-05
3575709,187246,8.7363715861e-05
3573461,787,8.7343031531e-05
3574824,19696,8.7294768094e-05
3578208,28088,8.719824122e-05
3575240,44074,8.7156872559e-05
3572346,1973,8.7149977783e-05
3576389,2354,8.7074135239e-05
3576005,7585,8.6991397918e-05
3577800,122318,8.6929344927e-05
3574366,88331,8.6894871044e-05
3576142,34053,8.686039716e-05
3574091,237701,8.6763870286e-05
3574437,138980,8.6743185956e-05
3573509,5652,8.6722501626e-05
3574628,7630,8.6557026984e-05
3572945,41621,8.6446710557e-05
3573972,185253,8.6322604576e-05
3576910,112665,8.6288130692e-05
3575418,56347,8.6267446362e-05
3584641,284716,8.6088182167e-05
3575496,115304,8.5929602303e-05
3576900,122028,8.5853759759e-05
3575650,7201,8.5708969447e-05
3572930,2595,8.5681390341e-05
3577089,160171,8.564002168e-05
3572740,1270,8.5509020922e-05
3574239,9176,8.5440073155e-05
3575100,133557,8.5384914941e-05
3574946,2738,8.5350441058e-05
3573928,119244,8.5309072397e-05
3577093,116422,8.5302177621e-05
3574836,2959,8.526080896e-05
3574285,570,8.519875597e-05
3575507,14174,8.5122913426e-05
3574358,7710,8.4964333561e-05
3575078,117023,8.4826438027e-05
3573776,37030,8.4826438027e-05
3580646,22,8.4791964143e-05
3575749,28863,8.4695437269e-05
3579310,282456,8.4660963386e-05
3582555,126745,8.4578226065e-05
3572108,13664,8.4405856647e-05
3572791,1255,8.4254171559e-05
3576219,78538,8.4226592452e-05
3573697,17026,8.4143855131e-05
3576884,78550,8.4102486471e-05
3575234,107155,8.4088696917e-05
3577383,218793,8.4047328257e-05
3575628,28171,8.3806011072e-05
3579661,142672,8.3737063305e-05
3573846,95835,8.3606062547e-05
3576478,8902,8.3468167012e-05
3573525,142567,8.3461272236e-05
3578212,26671,8.3447482682e-05
3576812,108778,8.3337166255e-05
3580331,263016,8.3309587148e-05
3577811,18222,8.3302692371e-05
3574073,5060,8.3254428934e-05
3574796,124926,8.3206165497e-05
3574364,6749,8.3109638623e-05
3574008,1012,8.3075164739e-05
3574314,27448,8.2840742331e-05
3577296,165243,8.2785584117e-05
3581310,9243,8.273732068e-05
3576830,244040,8.2709741573e-05
3574708,145004,8.2475319164e-05
3575090,22747,8.2406371397e-05
3578406,194208,8.239947662e-05
3575226,35715,8.237879229e-05
3575057,19,8.2282265416e-05
3578874,79864,8.2027158677e-05
3579107,29271,8.199957957e-05
3574157,340349,8.1992684794e-05
3573637,23975,8.193752658e-05
3574374,143000,8.1813420599e-05
3577217,9632,8.1792736269e-05
3575544,71628,8.1772051938e-05
3576203,28545,8.1758262385e-05
3576286,14587,8.1634156404e-05
3572765,34786,8.1572103413e-05
3576111,124683,8.1489366093e-05
3573221,191344,8.1372154888e-05
3574560,140038,8.1323891451e-05
3572779,244,8.1261838461e-05
3574571,5082,8.1254943684e-05
3575693,126450,8.1172206364e-05
3576048,122729,8.109636382e-05
3573974,2943,8.1048100382e-05
3573781,24881,8.0951573508e-05
3575492,133922,8.0868836188e-05
3577117,250278,8.0703361546e-05
3574041,24311,8.0668887663e-05
3577213,230468,8.0648203333e-05
3572577,24412,8.0613729449e-05
3574766,26973,8.0599939895e-05
3574182,119346,8.0503413021e-05
3574976,19320,8.0427570477e-05
3574067,121762,8.0172463739e-05
3575358,55047,8.0041462981e-05
3579750,314649,8.0006989097e-05
3575370,18857,7.9924251777e-05
3573493,122133,7.9869093563e-05
3576284,225808,7.9765671912e-05
3576312,1021,7.9717408475e-05
3574840,14720,7.9655355484e-05
3578114,17520,7.9600197271e-05
3575939,12070,7.957951294e-05
3574596,11709,7.9407143522e-05
3574181,139346,7.9393353969e-05
3578489,297163,7.9317511425e-05
3574668,121501,7.9262353211e-05
3578309,127697,7.9152036784e-05
3576242,103320,7.9007246472e-05
3574368,116295,7.9007246472e-05
3575940,37088,7.9000351696e-05
3574730,140325,7.8903824822e-05
3575978,89594,7.8869350938e-05
3577293,138639,7.8565980762e-05
3574760,139456,7.8428085228e-05
3576097,116781,7.8400506121e-05
3574241,6968,7.8386716567e-05
3572942,2263,7.8352242684e-05
3576782,88116,7.8290189693e-05
3574227,17723,7.8207452372e-05
3573608,1882,7.8207452372e-05
3575528,13103,7.8159188935e-05
3577095,148900,7.8131609829e-05
3572540,17174,7.8021293401e-05
3582085,238347,7.8007503848e-05
3578166,106847,7.7683449342e-05
3576221,75184,7.7683449342e-05
3575342,16678,7.7655870235e-05
3578613,18182,7.7552448584e-05
3572748,489,7.75179747e-05
3578746,314475,7.7428342603e-05
3574620,106987,7.7428342603e-05
3575088,224692,7.7311131398e-05
3573278,28981,7.7262867961e-05
3575715,206320,7.7221499301e-05
3576276,33896,7.711807765e-05
3576225,54687,7.7021550776e-05
3575928,206188,7.6945708232e-05
3583982,127002,7.6725075377e-05
3577024,102420,7.6628548503e-05
3576412,133330,7.6628548503e-05
3575875,34251,7.6580285066e-05
3572924,35770,7.6380336541e-05
3577259,225512,7.6263125337e-05
3575817,86295,7.6228651453e-05
3573321,11120,7.6139019355e-05
3572711,24481,7.6125229802e-05
3576729,11613,7.6028702928e-05
3575292,52014,7.6021808151e-05
3572313,2000,7.6001123821e-05
3574993,14172,7.5980439491e-05
3579226,266155,7.5966649937e-05
3573355,19637,7.5945965607e-05
3578200,119811,7.5904596947e-05
3576021,18387,7.5870123063e-05
3573783,490,7.5787385743e-05
3573344,174590,7.5635700655e-05
3573830,2956,7.5566752887e-05
3577671,120551,7.5559858111e-05
3572517,7843,7.5511594674e-05
3573237,11590,7.5504699897e-05
3574655,117145,7.5401278246e-05
3572547,36607,7.5325435702e-05
3575723,8074,7.5256487935e-05
3575388,13210,7.5249593158e-05
3575998,28975,7.5235803605e-05
3574453,133149,7.51185924e-05
3572881,19795,7.505653941e-05
3576642,127358,7.4897959545e-05
3578046,59078,7.4794537894e-05
3574982,36143,7.471869535e-05
3574410,119257,7.471869535e-05
3577977,111200,7.4601484146e-05
3577642,193538,7.4573905039e-05
3578918,145937,7.4360166961e-05
3578559,127029,7.4353272184e-05
3575727,115062,7.4346377407e-05
3575734,9794,7.4318798301e-05
3575744,28160,7.4291219194e-05
3572876,24653,7.4270534863e-05
3574235,27283,7.4208481873e-05
3580393,143693,7.4160218436e-05
3578267,143759,7.4160218436e-05
3575110,14748,7.4160218436e-05
3576302,18375,7.3974059464e-05
3574493,36832,7.3967164688e-05
3573064,19012,7.3953375134e-05
3573363,18727,7.3925796027e-05
3575797,152779,7.385684826e-05
3577676,323090,7.3684478842e-05
3572925,1365,7.3629320628e-05
3572498,16558,7.3615531075e-05
3575638,11423,7.3443161657e-05
3578466,138871,7.3401792996e-05
3578587,89538,7.339489822e-05
3577225,110943,7.3305266122e-05
3577009,142035,7.3291476569e-05
3577028,13620,7.3029475053e-05
3574654,6072,7.30156855e-05
3574864,7610,7.3008790723e-05
3575260,9101,7.2801947421e-05
3575484,100667,7.2767473538e-05
3576856,277278,7.2719210101e-05
3578184,55080,7.2705420547e-05
3574530,76,7.257441979e-05
3576776,18927,7.2560630236e-05
3574978,5778,7.2498577246e-05
3575632,35189,7.2470998139e-05
3576209,253544,7.227794439e-05
3575970,22679,7.2243470507e-05
3572030,622,7.22158914e-05
3575366,26473,7.2188312293e-05
3575857,104096,7.1926310778e-05
3574966,146544,7.1871152564e-05
3577121,24054,7.177462569e-05
3580898,29507,7.1747046583e-05
3579725,260735,7.1747046583e-05
3578285,144577,7.1719467476e-05
3579070,204360,7.1671204039e-05
3579450,292385,7.1664309262e-05
3574834,6804,7.137472864e-05
3577257,23282,7.1278201766e-05
3581091,20908,7.1229938328e-05
3580446,217624,7.1229938328e-05
3584956,121586,7.1133411454e-05
3574786,51495,7.0947252483e-05
3574049,10345,7.0892094269e-05
3577271,8794,7.0850725609e-05
3572430,306,7.0733514404e-05
3573810,25632,7.0664566637e-05
3577203,119976,7.065767186e-05
3574237,141547,7.0609408423e-05
3573283,9280,7.057493454e-05
3575331,15183,7.0402565122e-05
3576051,306528,7.0250880034e-05
3577560,10032,7.0230195704e-05
3572619,7003,7.0126774053e-05
3574406,4788,7.0016457625e-05
3574215,55678,6.9906141198e-05
3578697,9943,6.9892351644e-05
3577485,100413,6.9844088207e-05
3578458,288623,6.9768245663e-05
3573730,948,6.9685508342e-05
3576030,1990,6.9616560575e-05
3574447,80456,6.9575191915e-05
3575246,9196,6.9513138924e-05
3575269,83844,6.9499349371e-05
3578035,3238,6.9382138167e-05
3573245,556,6.935455906e-05
3576818,26546,6.9340769506e-05
3573367,11002,6.9320085176e-05
3576476,195883,6.9313190399e-05
3577832,110069,6.9244242632e-05
3575061,1968,6.9244242632e-05
3573399,5613,6.9223558302e-05
3574165,2638,6.9120136651e-05
3577935,214408,6.9044294107e-05
3577185,145780,6.903739933e-05
3576772,8211,6.9030504554e-05
3575962,224705,6.895466201e-05
3575910,55190,6.895466201e-05
3575760,95068,6.8878819466e-05
3574119,78511,6.8844345582e-05
3576634,113905,6.8692660494e-05
3577782,185241,6.8527185853e-05
3576890,127156,6.8520291076e-05
3573348,180339,6.85133963e-05
3576668,54486,6.8430658979e-05
3576502,19291,6.8285868668e-05
3589085,12204,6.8237605231e-05
3577414,86652,6.8237605231e-05
3578253,125426,6.819623657e-05
3573803,20044,6.8168657463e-05
3576582,55472,6.8141078356e-05
3582971,134165,6.8037656706e-05
3573413,26899,6.8037656706e-05
3574232,13200,6.7927340278e-05
3575791,29242,6.7892866394e-05
3574897,2444,6.7844602957e-05
3575438,3099,6.7830813404e-05
3575677,20744,6.7768760413e-05
3578909,18020,6.77136022e-05
3581746,106556,6.7686023093e-05
3576804,264412,6.7630864879e-05
3575252,35389,6.7603285772e-05
3573174,96239,6.7561917112e-05
3579298,239857,6.7555022335e-05
3575705,111393,6.7520548451e-05
3580064,149821,6.7410232024e-05
3574025,4844,6.7410232024e-05
3574508,14872,6.7382652917e-05
3581853,283679,6.737575814e-05
3573489,2853,6.7299915596e-05
3575736,44516,6.7279231266e-05
3575790,215217,6.7258546936e-05
3579374,117641,6.7244757382e-05
3574426,281562,6.7175809615e-05
3581283,298835,6.7148230508e-05
3573752,11346,6.7099967071e-05
3574626,7687,6.7072387964e-05
3577562,36597,6.7058598411e-05
3582611,114776,6.6948281983e-05
3580510,262492,6.6941387207e-05
3581249,327505,6.69138081e-05
3575446,19819,6.689312377e-05
3577412,132334,6.6693175245e-05
3575065,343450,6.6686280468e-05
3574474,10952,6.6610437924e-05
3576011,135994,6.6582858817e-05
3581768,287850,6.6562174487e-05
3575007,145017,6.6203646097e-05
3575176,105416,6.6148487883e-05
3574376,19133,6.6003697572e-05
3924024,379767,6.5934749805e-05
3578162,228541,6.5893381145e-05
3574522,7708,6.5858907261e-05
3574593,293035,6.5727906503e-05
3575546,250617,6.5610695299e-05
3594399,36718,6.5493484095e-05
3574372,9918,6.5438325881e-05
3574636,132675,6.5390062444e-05
3581408,86286,6.527285124e-05
3579133,159424,6.5245272133e-05
3575865,126362,6.5197008696e-05
3573709,8040,6.5128060928e-05
3574782,107406,6.5072902715e-05
3580346,324225,6.5038428831e-05
3575329,28086,6.4921217627e-05
3575948,6006,6.4866059413e-05
3577927,128376,6.4769532539e-05
3577249,21634,6.4707479548e-05
3577660,26869,6.4679900441e-05
3578948,204034,6.4617847451e-05
3573303,28010,6.4610952674e-05
3572927,9634,6.4562689237e-05
3573297,1052,6.4479951916e-05
3581752,15030,6.4404109372e-05
3576786,35099,6.4259319061e-05
3575564,21713,6.4252424285e-05
3581078,308099,6.4231739954e-05
3574584,103269,6.4224845178e-05
3574384,35130,6.4224845178e-05
4245789,133866,6.4107633973e-05
3577159,76816,6.407316009e-05
3573733,8925,6.4038686206e-05
3579105,33823,6.4024896653e-05
3574997,119234,6.3935264555e-05
3575665,2291,6.3893895895e-05
3574585,115309,6.3887001118e-05
3574726,18303,6.3880106341e-05
3577272,26809,6.3852527235e-05
3589261,282550,6.3845632458e-05
3574785,17804,6.3687052593e-05
3573918,261085,6.3624999603e-05
3576711,118922,6.3597420496e-05
3576384,18011,6.3562946612e-05
3577139,127305,6.3549157059e-05
3576156,27575,6.3535367505e-05
3576588,75123,6.3445735408e-05
3577175,80002,6.3411261524e-05
3574534,75100,6.3321629427e-05
3577151,260514,6.3245786883e-05
3575738,28815,6.3142365232e-05
3576099,54497,6.3094101795e-05
3576632,51525,6.3011364474e-05
3574686,103015,6.2956206261e-05
3576342,137805,6.283210028e-05
3574320,39197,6.2825205503e-05
3576697,27891,6.2797626396e-05
3575360,312,6.2797626396e-05
3575278,6452,6.2770047289e-05
3578112,228258,6.2701099522e-05
3578806,140133,6.2694204745e-05
3575662,203538,6.2549414434e-05
3577388,18081,6.2521835327e-05
3576640,106112,6.2501150997e-05
3573445,1064,6.2466677113e-05
3576658,107198,6.245288756e-05
3572833,27577,6.243220323e-05
3575412,18822,6.2314992025e-05
3584623,2049,6.2273623365e-05
3577461,17995,6.2259833811e-05
3574167,3149,6.2163306937e-05
3577145,103246,6.21150435e-05
3579779,133077,6.1901305422e-05
3573689,467,6.1887515868e-05
3573397,2602,6.1777199441e-05
3577445,198388,6.1728936004e-05
3581761,120646,6.1611724799e-05
3577699,109117,6.1466934488e-05
3582985,135671,6.1432460605e-05
3577973,122120,6.13152494e-05
3586301,280172,6.129456507e-05
3574894,373,6.129456507e-05
3573919,6059,6.129456507e-05
3583137,35706,6.1287670293e-05
3573625,147369,6.1280775517e-05
3579230,10225,6.127388074e-05
3578399,11667,6.1260091187e-05
3574616,488,6.1204932973e-05
3575482,562,6.1198038196e-05
3575426,178126,6.1122195652e-05
3574511,8255,6.1080826992e-05
3575356,296924,6.1053247885e-05
3578330,52028,6.1039458331e-05
3574089,2074,6.1025668778e-05
3578220,27717,6.0984300118e-05
3577050,16136,6.0936036681e-05
3576132,2939,6.0887773244e-05
3579990,192291,6.0860194137e-05
3575926,121247,6.0825720253e-05
3578329,29526,6.0791246369e-05
3576148,140617,6.0701614272e-05
3575321,18819,6.0660245612e-05
3574063,9531,6.0605087398e-05
3579326,151795,6.0487876194e-05
3577580,9334,6.0480981417e-05
3576591,139040,6.0446507533e-05
3576134,7685,6.0267243338e-05
3576523,133308,6.0253453785e-05
3573741,6359,6.0246559008e-05
3581449,109639,6.0143137357e-05
3578883,229093,6.0060400037e-05
3575526,8479,5.999145227e-05
3575338,28225,5.999145227e-05
3576760,173033,5.9936294056e-05
3580212,117008,5.9915609726e-05
3574281,131785,5.9888030619e-05
3574513,257672,5.9853556735e-05
3575372,6415,5.9832872405e-05
3574563,18689,5.9495028345e-05
3578168,137405,5.9481238792e-05
3578497,35254,5.9426080578e-05
3575695,166722,5.9405396248e-05
3575059,141735,5.9398501471e-05
3577558,43136,5.9384711918e-05
3574193,19455,5.9350238034e-05
3579077,252167,5.9322658927e-05
3576146,132050,5.9267500714e-05
3573227,9506,5.919165817e-05
3574280,347159,5.9150289509e-05
3580572,76880,5.9122710402e-05
3574554,23719,5.9067552189e-05
3576492,125373,5.9046867858e-05
3574920,5602,5.9039973082e-05
3574473,17353,5.9019288752e-05
3572709,8746,5.9019288752e-05
3573188,8678,5.8964130538e-05
3575658,26183,5.8943446208e-05
3574938,520,5.8943446208e-05
3572651,8429,5.8943446208e-05
3575248,26167,5.8936551431e-05
3577431,33949,5.889518277e-05
3587219,101448,5.8888287994e-05
3576846,9494,5.8881393217e-05
3581373,113378,5.887449844e-05
3575392,86477,5.8798655896e-05
3572867,8739,5.8798655896e-05
3575568,15444,5.8736602906e-05
3575750,195517,5.8729708129e-05
3581123,142549,5.8640076032e-05
3574750,321,5.8584917818e-05
3575802,6844,5.847460139e-05
3580612,138353,5.8398758846e-05
3576686,7618,5.8322916302e-05
3575293,145028,5.8322916302e-05
3578493,279617,5.8281547642e-05
3575104,159796,5.8274652865e-05
3575037,134584,5.8233284205e-05
3575892,26565,5.8219494652e-05
3572680,14147,5.8198810321e-05
3578750,77730,5.8185020768e-05
3576494,103949,5.8164336438e-05
3574212,120852,5.8122967777e-05
3578132,118355,5.8060914787e-05
3574914,143615,5.805402001e-05
3572820,281,5.803333568e-05
3587047,119061,5.801265135e-05
3579960,185642,5.7943703583e-05
3580400,149657,5.7929914029e-05
3573368,23353,5.7923019253e-05
3578625,166920,5.7874755815e-05
3578052,35371,5.7874755815e-05
3577868,275404,5.7874755815e-05
3575680,18394,5.7840281932e-05
3574798,11305,5.7840281932e-05
3581848,118193,5.7812702825e-05
3578545,20326,5.7757544611e-05
3578617,150380,5.7736860281e-05
3574762,28794,5.7729965504e-05
3581306,113104,5.7695491621e-05
3580712,104971,5.7667912514e-05
3573210,15311,5.765412296e-05
3577436,249084,5.7647228184e-05
3580570,113107,5.7557596086e-05
3577129,75855,5.7557596086e-05
3579763,178264,5.7447279659e-05
3581202,142940,5.7433490105e-05
3576903,122108,5.7364542338e-05
3578231,114420,5.7323173678e-05
3576470,43115,5.7268015464e-05
3575300,27922,5.7219752027e-05
3579569,310121,5.7205962473e-05
3577333,24624,5.7157699036e-05
3576947,263225,5.7157699036e-05
3577302,8436,5.7019803502e-05
3579452,28738,5.6957750511e-05
3580613,204460,5.6840539307e-05
3575835,144132,5.6744012433e-05
3581155,24825,5.6668169889e-05
3577477,8339,5.6619906452e-05
3575352,60900,5.6592327345e-05
3578079,297683,5.6550958685e-05
3576644,8682,5.6550958685e-05
3577063,13677,5.6537169131e-05
3575895,153225,5.6537169131e-05
3589470,136045,5.6530274354e-05
3575554,47101,5.6509590024e-05
3575121,5772,5.6502695248e-05
3574015,107022,5.6475116141e-05
3573342,13180,5.6475116141e-05
3573086,2355,5.6461326587e-05
3576080,117497,5.6440642257e-05
3577904,5577,5.6399273597e-05
3576398,200899,5.637169449e-05
3581439,190361,5.6330325829e-05
3577243,41047,5.6282062392e-05
3576041,136868,5.6275167616e-05
3579646,146075,5.6247588509e-05
3578467,274543,5.6144166858e-05
3576367,130577,5.6137272081e-05
3574012,1569,5.603385043e-05
3574147,1367,5.6020060877e-05
3573056,25791,5.6020060877e-05
3578555,75252,5.5909744449e-05
3578776,134583,5.5889060119e-05
3576128,152271,5.5882165342e-05
3576434,496,5.5847691459e-05
4118900,386308,5.559258472e-05
3582483,19897,5.5578795167e-05
3575406,8209,5.5578795167e-05
3575954,11719,5.557190039e-05
3574476,3101,5.553053173e-05
3579378,36297,5.5434004855e-05
3575853,23214,5.5420215302e-05
3576166,122123,5.5358162311e-05
3579241,234256,5.5344372758e-05
3582915,17207,5.5316793651e-05
3580426,144800,5.5144424233e-05
3576684,134822,5.5137529456e-05
3580875,3087,5.5075476466e-05
3580936,25951,5.5047897359e-05
3575844,3018,5.5047897359e-05
3575340,502,5.483415928e-05
3576028,21063,5.481347495e-05
3582355,26586,5.4723842853e-05
3574696,135999,5.4689368969e-05
3574133,101,5.4648000309e-05
3576071,22436,5.4599736872e-05
3575960,105712,5.4599736872e-05
3576082,11507,5.4592842095e-05
3577030,17479,5.4448051784e-05
3577652,18311,5.4427367454e-05
3576288,118022,5.4420472677e-05
3572519,9272,5.44135779e-05
3574960,11069,5.4399788347e-05
3576527,51578,5.4337735356e-05
3575378,114152,5.4234313706e-05
3576834,5031,5.4220524152e-05
3572854,7887,5.4213629375e-05
3576462,3962,5.4186050268e-05
3577990,16515,5.4117102501e-05
3575562,97932,5.4041259957e-05
3575783,1878,5.4034365181e-05
3580180,309176,5.397231219e-05
3576257,126725,5.397231219e-05
3576356,280,5.3965417413e-05
3575452,76408,5.3944733083e-05
3574622,77654,5.3896469646e-05
3578110,22399,5.3882680093e-05
3575189,93694,5.3848206209e-05
3577656,19521,5.3820627102e-05
3573915,120649,5.3717205451e-05
3575475,247531,5.3668942014e-05
3587635,146310,5.3648257684e-05
3577131,224522,5.3620678577e-05
3574311,103538,5.3599994247e-05
3584322,26700,5.3586204694e-05
3578041,132002,5.3462098713e-05
3573728,7533,5.3427624829e-05
3577363,204623,5.3406940499e-05
3578382,25222,5.3386256169e-05
3575031,694,5.3351782285e-05
3575001,195019,5.3344887508e-05
3574943,29119,5.3269044964e-05
3576593,54844,5.3255255411e-05
3578056,296326,5.3186307644e-05
3576236,36444,5.315183376e-05
3574587,6913,5.3096675546e-05
3576109,6230,5.3082885993e-05
3577270,124219,5.3055306886e-05
3575456,15916,5.3041517332e-05
3574808,194504,5.3034622556e-05
3578257,204646,5.3027727779e-05
3580056,129833,5.3000148672e-05
3575536,5551,5.2986359119e-05
3575669,136512,5.2979464342e-05
3574754,52524,5.2979464342e-05
3577988,8114,5.2876042691e-05
3578106,314239,5.2869147914e-05
3575318,146851,5.2855358361e-05
3579031,290941,5.2834674031e-05
3576951,36220,5.2758831487e-05
3573307,11664,5.2724357603e-05
3576967,8214,5.2703673273e-05
3576290,287851,5.2600251622e-05
3578479,123192,5.2593356845e-05
3576246,24192,5.2593356845e-05
3573968,28988,5.2565777739e-05
3575976,76840,5.2524409078e-05
3577071,133939,5.2503724748e-05
3584305,305158,5.2448566534e-05
3577939,7642,5.2434776981e-05
3577289,283600,5.2434776981e-05
4400627,16253,5.2427882204e-05
3575499,17583,5.2420987427e-05
3573449,27979,5.2414092651e-05
3579767,146424,5.2407197874e-05
3573822,38029,5.2365829214e-05
3577036,236664,5.2358934437e-05
3577191,27433,5.2269302339e-05
3575053,7883,5.2255512786e-05
3577980,75161,5.2200354572e-05
3582140,211066,5.2179670242e-05
3575703,11204,5.2131406805e-05
3575859,18871,5.2124512028e-05
3575112,19241,5.2124512028e-05
3579278,112613,5.2096932921e-05
3580025,204627,5.2021090377e-05
3580087,252445,5.193145828e-05
3579504,224929,5.193145828e-05
3573012,15150,5.1924563503e-05
3576561,204633,5.1917668727e-05
3578701,233028,5.1869405289e-05
3576095,34300,5.1669456764e-05
3573030,11134,5.1641877658e-05
3579532,137529,5.1628088104e-05
3576183,13165,5.1614298551e-05
3573315,204358,5.1593614221e-05
3578983,36977,5.153156123e-05
3574599,120654,5.1497087346e-05
3579171,131957,5.1435034356e-05
3577718,133131,5.1338507482e-05
3579057,8874,5.1317823152e-05
3577227,108048,5.1290244045e-05
3576627,134745,5.1276454491e-05
3577742,111717,5.1262664938e-05
3577901,253412,5.1179927617e-05
3576250,144725,5.117303284e-05
3575916,205201,5.1145453734e-05
3577278,159299,5.1097190296e-05
3575808,16612,5.1055821636e-05
3574264,137,5.0938610432e-05
3576420,78153,5.0931715655e-05
3578415,126520,5.0904136548e-05
3577566,6836,5.0904136548e-05
3577416,2904,5.0890346995e-05
3576067,134602,5.0883452218e-05
3575376,7404,5.0876557441e-05
3573807,6451,5.0869662665e-05
3578810,11560,5.0862767888e-05
3575942,29564,5.0848978334e-05
3579037,128045,5.0842083558e-05
3574810,11525,5.0835188781e-05
3575552,5892,5.0807609674e-05
3574445,14688,5.0807609674e-05
3578130,130105,5.0745556684e-05
3577077,5590,5.0724872353e-05
3578553,109475,5.0676608916e-05
3581012,17003,5.0573187265e-05
3580642,215060,5.031118575e-05
3577263,245847,5.029050142e-05
3575179,122643,5.0276711866e-05
3578263,24611,5.026981709e-05
3573947,6653,5.026981709e-05
3577850,158413,5.0193974546e-05
3579728,164874,5.0138816332e-05
3577517,103291,5.0111237225e-05
3576372,3347,5.0111237225e-05
3579754,84197,5.0069868565e-05
3580170,10243,5.0056079011e-05
3575474,1978,5.0049184234e-05
3579307,90481,5.0042289458e-05
3576740,152480,4.9994026021e-05
3577282,144072,4.9980236467e-05
3575168,119298,4.9966446914e-05
3576195,115269,4.9959552137e-05
3584756,35463,4.9945762584e-05
3576181,139472,4.9945762584e-05
3577003,5506,4.9938867807e-05
3578786,3115,4.9925078253e-05
3576395,12524,4.9904393923e-05
3578245,12527,4.9883709593e-05
3576742,54548,4.986992004e-05
3574217,2047,4.9856130486e-05
3573338,27820,4.9856130486e-05
3574939,4218,4.984923571e-05
3573279,5629,4.984923571e-05
3577692,13621,4.9842340933e-05
3585460,128230,4.9704445398e-05
3578899,9146,4.9594128971e-05
3577690,5541,4.9580339417e-05
3576468,3218,4.9580339417e-05
3579950,9609,4.9573444641e-05
3577098,9115,4.9545865534e-05
3573491,52190,4.9497602097e-05
3576638,211916,4.944933866e-05
3580315,55028,4.9428654329e-05
3578736,125374,4.9428654329e-05
3576570,9732,4.9407969999e-05
3576838,126573,4.9366601339e-05
3573447,74904,4.9345917009e-05
3580302,12511,4.9332127455e-05
3578108,150100,4.9325232679e-05
3578862,275392,4.9297653572e-05
3575532,212735,4.9283864018e-05
3575810,10160,4.9270074465e-05
3575344,78536,4.9249390135e-05
3577524,110104,4.9242495358e-05
3573824,134438,4.9214916251e-05
3581264,15830,4.9201126698e-05
3574702,138906,4.9139073707e-05
3575155,12523,4.9118389377e-05
3572092,24539,4.91114946e-05
3575671,152172,4.9042546833e-05
3580867,157756,4.8994283396e-05
3574076,36721,4.8966704289e-05
3571894,7551,4.8966704289e-05
3576187,1971,4.8870177415e-05
3584438,207662,4.8849493085e-05
3576986,41496,4.8842598308e-05
3578713,11444,4.8821913978e-05
3574757,116539,4.8815019201e-05
3577265,19297,4.8808124424e-05
3574823,230569,4.8780545317e-05
3579408,224619,4.8766755764e-05
3576720,276233,4.8746071434e-05
3591448,128160,4.873228188e-05
3588785,17320,4.8725387104e-05
3578667,28013,4.8718492327e-05
3572188,27436,4.8697807997e-05
3581295,150462,4.8601281123e-05
3578383,200616,4.8566807239e-05
3577694,152962,4.8559912462e-05
3576268,213240,4.8559912462e-05
3576189,115012,4.8553017686e-05
3576870,142661,4.8546122909e-05
3577109,11049,4.8532333355e-05
3577644,9722,4.8525438579e-05
3576792,126835,4.8456490811e-05
3583282,241939,4.8422016928e-05
3578928,132522,4.8415122151e-05
3580787,205775,4.8277226617e-05
3572324,84532,4.8242752733e-05
3584960,152626,4.8201384073e-05
3577018,105877,4.8201384073e-05
3577507,152424,4.8173804966e-05
3584397,250621,4.8097962422e-05
3578820,236572,4.8070383315e-05
3576972,142663,4.8015225101e-05
3578174,127031,4.7966961664e-05
3573201,2480,4.7960066887e-05
3575081,31198,4.7939382557e-05
3577490,17640,4.793248778e-05
3581696,223457,4.789111912e-05
3583182,11394,4.7698065372e-05
3580564,187096,4.7698065372e-05
3574336,26735,4.7698065372e-05
3576746,18290,4.7691170595e-05
3577995,9878,4.7684275818e-05
3578942,180876,4.7670486265e-05
3574479,121220,4.7663591488e-05
3581647,148499,4.7642907158e-05
3582761,127342,4.7636012381e-05
3578087,25009,4.7636012381e-05
3581294,141490,4.7629117605e-05
3582283,114484,4.7594643721e-05
3576007,76537,4.7560169837e-05
3576173,621,4.7539485507e-05
3577153,868,4.753259073e-05
3578455,102321,4.749122207e-05
3576537,2066,4.744985341e-05
3579769,138265,4.7408484749e-05
3577840,121348,4.7401589973e-05
3578311,28933,4.7387800419e-05
3583526,290959,4.7249904885e-05
3581471,266683,4.7222325778e-05
3577696,24051,4.7222325778e-05
3576314,139883,4.711200935e-05
3580168,63715,4.70085877e-05
3575304,158980,4.6974113816e-05
3581196,5573,4.6967219039e-05
3574069,103314,4.6912060825e-05
3580605,133416,4.6856902612e-05
3582408,164944,4.6815533951e-05
3576618,71910,4.6808639175e-05
3578579,107927,4.6801744398e-05
3581722,25214,4.6739691407e-05
3574866,128481,4.6732796631e-05
3575139,10106,4.6684533194e-05
3579870,165346,4.667074364e-05
3573877,12301,4.6663848863e-05
3575640,8716,4.6643164533e-05
3579336,72334,4.6622480203e-05
3580947,117271,4.6588006319e-05
3573657,165126,4.6560427213e-05
3575068,7615,4.6512163775e-05
3574912,4797,4.6477689892e-05
3580616,116805,4.6450110785e-05
3577251,96394,4.6422531678e-05
3571845,8862,4.6422531678e-05
3580109,252837,4.6353583911e-05
3572691,7965,4.6353583911e-05
3579330,243017,4.6284636144e-05
3590268,8796,4.6277741367e-05
3576113,75994,4.6215688376e-05
3574705,7223,4.6195004046e-05
3581637,11599,4.6167424939e-05
3580121,35450,4.6139845832e-05
3574020,51548,4.6119161502e-05
3578606,17548,4.6098477172e-05
3574844,1162,4.6084687619e-05
3576600,123269,4.6070898065e-05
3578740,107187,4.6057108512e-05
3575943,17030,4.6057108512e-05
3579813,115421,4.6050213735e-05
3576994,76770,4.6043318958e-05
3574826,11200,4.6001950298e-05
3577478,7594,4.5960581638e-05
3576648,3777,4.5939897307e-05
3576568,126512,4.5939897307e-05
3574388,34409,4.5857159987e-05
3579840,317317,4.5822686103e-05
3583350,135919,4.5781317443e-05
3576063,204408,4.5719264452e-05
3576920,86558,4.5705474899e-05
3581032,24512,4.5684790569e-05
3580262,133301,4.5684790569e-05
3575408,9139,4.5664106238e-05
3576169,75848,4.5595158471e-05
3583602,115270,4.5560684588e-05
3572877,25871,4.5553789811e-05
3577882,119157,4.5546895034e-05
3579977,18859,4.5477947267e-05
3586198,103328,4.545036816e-05
3579412,138726,4.54089995e-05
4132089,325916,4.5402104723e-05
3577040,62113,4.538831517e-05
3575766,157439,4.538831517e-05
3575831,11657,4.5374525616e-05
3575522,9448,4.5346946509e-05
3580549,156653,4.5340051732e-05
3575380,221102,4.5333156956e-05
3586624,36708,4.5298683072e-05
3578413,124042,4.5229735305e-05
3587702,23614,4.5202156198e-05
3578981,118871,4.5140103207e-05
3577975,19635,4.5126313654e-05
3573272,17224,4.5119418877e-05
3576854,247905,4.509183977e-05
3574589,7336,4.509183977e-05
3576881,134127,4.5084944994e-05
3575187,78,4.507115544e-05
3584058,210515,4.5064260664e-05
3575906,150512,4.505047111e-05
3578077,143887,4.4960839013e-05
3572894,12815,4.4960839013e-05
3581062,278728,4.4898786022e-05
3575572,117458,4.4871206915e-05
3575924,115851,4.4836733032e-05
3577459,129697,4.4802259148e-05
3579301,24516,4.4767785264e-05
3574752,121235,4.4747100934e-05
3577308,172024,4.4719521827e-05
3574618,9945,4.4719521827e-05
3581523,229920,4.4567836739e-05
3579205,81173,4.4560941963e-05
3572295,15120,4.4478204642e-05
3594715,14528,4.4409256875e-05
3577421,39749,4.4402362098e-05
3578528,16657,4.4381677768e-05
3575021,7891,4.4367888214e-05
3574988,2021,4.4347203884e-05
3578026,102057,4.4340309108e-05
3575548,139684,4.4312730001e-05
3577678,196030,4.4264466564e-05
3577768,59858,4.418862402e-05
3577455,164250,4.418862402e-05
3576340,157027,4.4133465806e-05
3574892,6328,4.4133465806e-05
3585478,121947,4.4126571029e-05
3578858,29725,4.4112781476e-05
3581349,103016,4.4057623262e-05
3573479,33308,4.4050728485e-05
3577544,202601,4.4016254602e-05
3577686,55147,4.4009359825e-05
3573176,1345,4.3988675495e-05
3578856,103338,4.3954201611e-05
3574870,20920,4.3947306834e-05
3578818,144969,4.3933517281e-05
3575299,17035,4.3892148621e-05
3578002,101869,4.3885253844e-05
3575683,44,4.3878359067e-05
3575298,9180,4.385077996e-05
3574678,3802,4.383009563e-05
3580764,137427,4.3754253086e-05
3574746,175001,4.3747358309e-05
3577199,138979,4.3740463533e-05
3575280,103017,4.3650831435e-05
3577253,123764,4.3595673221e-05
3582005,190824,4.3561199338e-05
3579270,123748,4.3547409784e-05
3576980,133309,4.3540515008e-05
3575029,8864,4.3526725454e-05
3577899,203331,4.3499146347e-05
3574480,890,4.347156724e-05
3574612,7876,4.340951425e-05
3577919,231547,4.338882992e-05
3574970,122429,4.3381935143e-05
3587131,229919,4.3333671706e-05
3576822,6611,4.3333671706e-05
3577366,19082,4.3326776929e-05
3578597,148781,4.3278513492e-05
3579320,26492,4.3244039609e-05
3576794,19847,4.3161302288e-05
3580382,27304,4.3154407511e-05
3586483,217594,4.3113038851e-05
3587738,54555,4.3085459744e-05
3577792,115549,4.3078564967e-05
3579786,3004,4.305098586e-05
3578020,240432,4.3037196307e-05
3579009,75992,4.303030153e-05
3577439,70843,4.303030153e-05
3583624,97388,4.3016511977e-05
3580447,203376,4.2975143316e-05
3573285,9775,4.296824854e-05
3577467,15389,4.2961353763e-05
3577237,27475,4.2961353763e-05
3581258,182378,4.2926879879e-05
3574272,36291,4.2926879879e-05
3577407,60738,4.2899300772e-05
3579211,113108,4.2864826889e-05
3580575,110039,4.2851037335e-05
3573270,109323,4.2844142559e-05
3579929,166824,4.2830353005e-05
3580378,25343,4.2788984345e-05
3577998,246917,4.2775194791e-05
3577207,231098,4.2775194791e-05
3580117,192664,4.2747615685e-05
3578206,214135,4.2740720908e-05
3579183,89977,4.2733826131e-05
3581096,262538,4.2720036578e-05
3575220,216958,4.2720036578e-05
3579703,238564,4.2678667917e-05
3576636,146609,4.2671773141e-05
3576024,1163,4.265108881e-05
3574305,29160,4.2644194034e-05
3583990,194696,4.2637299257e-05
3582326,240514,4.254766716e-05
3578376,145089,4.2533877606e-05
3577083,107712,4.2520088053e-05
3574958,27685,4.2499403722e-05
3576620,84486,4.2451140285e-05
3574141,942,4.2437350732e-05
3579471,94969,4.2430455955e-05
3576404,33733,4.2389087295e-05
3579438,182179,4.2340823858e-05
3575652,135915,4.2340823858e-05
3584966,228918,4.2292560421e-05
3576450,205717,4.2278770867e-05
3578823,133375,4.2258086537e-05
3576652,136539,4.2258086537e-05
3576316,228539,4.225119176e-05
3587787,3082,4.22098231e-05
3573337,9637,4.2196033547e-05
3577880,116053,4.2154664886e-05
3574716,6142,4.214777011e-05
3579385,202141,4.2127085779e-05
3578081,146417,4.2113296226e-05
3579366,113049,4.2078822342e-05
3576240,152371,4.2071927566e-05
3590735,129040,4.2023664129e-05
3576876,115819,4.2009874575e-05
3577526,11753,4.2002979798e-05
3576748,138569,4.1982295468e-05
3573616,38045,4.1968505915e-05
3575416,103168,4.1865084264e-05
3576440,8262,4.183061038e-05
3580595,127872,4.1816820827e-05
3581800,305127,4.180992605e-05
3580832,8652,4.180992605e-05
3581286,324811,4.1796136497e-05
3577548,29173,4.1796136497e-05
3578356,161224,4.1637556632e-05
3577026,7589,4.1561714088e-05
3579614,121894,4.1513450651e-05
3577727,109458,4.1513450651e-05
3575223,83891,4.1492766321e-05
3575306,38786,4.1485871544e-05
3577866,119386,4.1465187214e-05
3581642,191761,4.1458292437e-05
3579391,120552,4.1458292437e-05
3576037,15167,4.1451397661e-05
3578989,31547,4.1416923777e-05
3577397,74545,4.1375555117e-05
3579212,144775,4.136866034e-05
3574084,11205,4.1320396903e-05
3580973,101515,4.1306607349e-05
3576840,55771,4.1279028242e-05
3577341,140669,4.1272133466e-05
3577570,368536,4.1265238689e-05
3574159,10428,4.1265238689e-05
3577343,106980,4.1258343912e-05
3580036,25211,4.1210080475e-05
3579850,313595,4.1196290922e-05
3577256,122195,4.1182501368e-05
3577815,9707,4.1161817038e-05
3577774,32708,4.1134237931e-05
3577038,146828,4.1134237931e-05
3582095,130636,4.1127343155e-05
3577447,213501,4.1113553601e-05
3576211,741,4.1099764048e-05
3576979,55984,4.1092869271e-05
3577334,206671,4.1072184941e-05
3574079,14916,4.1072184941e-05
3580946,123925,4.1065290164e-05
3576691,13554,4.1065290164e-05
3577748,205111,4.1058395387e-05
3576576,19121,4.1023921504e-05
3573694,5922,4.1023921504e-05
3573681,33174,4.1017026727e-05
3578884,28951,4.101013195e-05
3585219,236660,4.1003237174e-05
3578394,35934,4.1003237174e-05
3574674,17354,4.098944762e-05
3576354,8323,4.0837762532e-05
3579948,100359,4.0830867755e-05
3575890,25638,4.0741235658e-05
3580166,152124,4.0699866998e-05
3574816,121435,4.0686077444e-05
3603191,132660,4.063091923e-05
3573862,18854,4.0617129677e-05
3578539,23345,4.06102349e-05
3580375,25259,4.0555076686e-05
3574952,12597,4.0499918473e-05
3578050,2029,4.0451655036e-05
3577310,47823,4.0444760259e-05
3931710,7868,4.0375812492e-05
3575277,27085,4.0341338608e-05
3578751,28544,4.0320654278e-05
3578522,54678,4.0320654278e-05
3583654,9708,4.0286180394e-05
3575464,191403,4.0286180394e-05
3575076,5523,4.0258601287e-05
3576026,9333,4.0251706511e-05
3577353,3066,4.0217232627e-05
3575149,146650,4.0217232627e-05
3575102,55476,4.021033785e-05
3576788,1182,4.0196548297e-05
3577456,152397,4.018965352e-05
3584343,76742,4.016896919e-05
3591306,54630,4.0162074413e-05
3577170,19545,4.0155179637e-05
3580342,144282,4.0141390083e-05
3578258,123861,4.0141390083e-05
3574065,145522,4.0141390083e-05
3578006,8713,4.0134495306e-05
3577187,20149,4.0093126646e-05
3576816,121084,4.0072442316e-05
3574874,17875,4.0065547539e-05
3580000,243932,4.0058652762e-05
3577387,141453,4.0010389325e-05
3574318,18671,3.9996599772e-05
3575314,65,3.9982810218e-05
3579576,109483,3.9975915442e-05
3573361,165127,3.9941441558e-05
3583212,121919,3.9934546781e-05
3581749,7627,3.9927652005e-05
3580208,121295,3.9906967675e-05
3577424,5564,3.9900072898e-05
3576666,34366,3.9900072898e-05
3582959,17004,3.9886283344e-05
3580793,125048,3.9879388568e-05
3574398,116305,3.9817335577e-05
3795258,309179,3.9803546024e-05
3580050,38788,3.9782861693e-05
3578326,128769,3.9734598256e-05
3578334,384,3.9631176606e-05
3574838,26175,3.9569123615e-05
3575769,1853,3.9520860178e-05
3576396,135770,3.9479491518e-05
3573528,23409,3.9472596741e-05
3581917,152263,3.9445017634e-05
3581293,9603,3.9445017634e-05
3583443,87367,3.9431228081e-05
3578922,3203,3.9431228081e-05
3580809,103568,3.9341595983e-05
3576231,16845,3.9341595983e-05
3580408,11270,3.9320911653e-05
3576941,6879,3.9314016876e-05
3579549,2937,3.9258858663e-05
3581877,172722,3.9251963886e-05
3583753,254871,3.9238174332e-05
3580473,34696,3.9203700449e-05
3575517,23596,3.9189910895e-05
3581822,102325,3.9176121342e-05
3577141,18645,3.9162331788e-05
3581048,103497,3.9155437012e-05
3578014,7556,3.9127857905e-05
3577943,33049,3.9065804914e-05
3576959,76954,3.9024436254e-05
3583316,143424,3.890722505e-05
3577307,11765,3.8838277282e-05
3575390,188503,3.8838277282e-05
3578642,135478,3.8824487729e-05
3583199,163777,3.8769329515e-05
3576464,139182,3.8762434738e-05
3575043,11238,3.8748645185e-05
3575422,29009,3.8727960855e-05
3577378,1293,3.8707276525e-05
3576976,79995,3.8707276525e-05
3580272,96476,3.8665907864e-05
3573770,6044,3.8659013088e-05
3578768,108297,3.8631433981e-05
3573836,27841,3.856938099e-05
3579011,18860,3.8555591437e-05
3576086,137073,3.8521117553e-05
3577702,22703,3.8479748893e-05
3587797,10637,3.8472854116e-05
3577846,571,3.8459064563e-05
3575384,16687,3.8459064563e-05
3580535,20909,3.8452169786e-05
3575934,144006,3.8410801126e-05
3580178,173428,3.8369432465e-05
3573289,36191,3.8348748135e-05
3579262,232699,3.8314274251e-05
3575756,156151,3.8314274251e-05
3576836,7591,3.8272905591e-05
3575254,1268,3.8231536931e-05
3588284,307765,3.8210852601e-05
3580497,325317,3.8210852601e-05
3575888,26606,3.8183273494e-05
3583119,17836,3.8141904833e-05
3574950,6866,3.8052272736e-05
3573466,15325,3.8038483182e-05
3591860,118607,3.8031588406e-05
3583410,217597,3.7941956308e-05
3592266,139702,3.7900587648e-05
3578227,105738,3.7900587648e-05
3579991,3839,3.7866113764e-05
3580543,58042,3.7838534658e-05
3578715,119347,3.7810955551e-05
3574488,125357,3.7810955551e-05
3579896,87514,3.779027122e-05
3577410,24765,3.774890256e-05
3584662,2667,3.7721323453e-05
3593962,201065,3.768684957e-05
3586830,133256,3.768684957e-05
3577668,8774,3.7679954793e-05
3577020,13361,3.7659270463e-05
3581287,114232,3.7652375686e-05
3578641,151096,3.7645480909e-05
3578293,11712,3.7597217472e-05
3577736,35862,3.7583427919e-05
3578449,119391,3.7576533142e-05
3579055,13557,3.7542059258e-05
3575487,36366,3.7542059258e-05
3584930,119190,3.7535164482e-05
3576814,80544,3.7514480152e-05
3578878,158761,3.7500690598e-05
3575316,137601,3.7500690598e-05
3578794,5647,3.7480006268e-05
3580755,279900,3.7452427161e-05
3576690,5452,3.7452427161e-05
3583463,142596,3.7424848054e-05
3579005,18389,3.7404163724e-05
3577752,151868,3.7397268947e-05
3575131,122712,3.7362795064e-05
3575630,99192,3.7355900287e-05
3579672,135670,3.7342110733e-05
3579139,36595,3.7300742073e-05
3575094,94772,3.7300742073e-05
3581454,333603,3.7293847296e-05
3581071,93746,3.7273162966e-05
3580840,302546,3.7211109976e-05
3576057,20509,3.7211109976e-05
3578360,121270,3.7149056985e-05
3585188,195774,3.7128372655e-05
3582537,34657,3.7128372655e-05
3578848,273522,3.7121477878e-05
3574792,54956,3.7121477878e-05
3575897,10745,3.7114583102e-05
3577575,107141,3.7087003995e-05
3580186,169435,3.7073214441e-05
3575933,114058,3.7066319665e-05
3576424,54824,3.7059424888e-05
3573950,125626,3.7024951004e-05
3575162,145822,3.7018056227e-05
4245783,149355,3.6956003237e-05
3576205,2365,3.692842413e-05
3576414,1161,3.6914634577e-05
3580231,78547,3.6804318149e-05
3578707,10776,3.6783633819e-05
3600379,147405,3.6756054712e-05
3581838,306153,3.6756054712e-05
3585650,120300,3.6749159935e-05
3579454,121881,3.6742265159e-05
3576680,759,3.6707791275e-05
3581027,137527,3.6694001721e-05
3581142,33967,3.6625053954e-05
3582735,11006,3.6604369624e-05
3580845,276203,3.6590580071e-05
3576770,194741,3.6590580071e-05
3579572,33702,3.6583685294e-05
3577052,6743,3.654921141e-05
3583007,116578,3.6535421857e-05
3578997,3110,3.6514737527e-05
3578319,9327,3.6480263643e-05
3580566,25837,3.6452684536e-05
3574995,20329,3.6432000206e-05
3575011,18063,3.6404421099e-05
3578589,14760,3.6356157662e-05
3577298,111846,3.6307894225e-05
3576699,4845,3.6294104671e-05
3576708,113689,3.6287209895e-05
3578142,178125,3.6259630788e-05
3583776,239561,3.6245841234e-05
3577511,86324,3.6245841234e-05
3575302,10031,3.6245841234e-05
3578136,3180,3.6218262128e-05
3578255,288741,3.6211367351e-05
3582534,27858,3.616999869e-05
3576878,965,3.616999869e-05
3574086,2113,3.6163103914e-05
3579201,123775,3.614931436e-05
3578739,14763,3.614931436e-05
3581442,152071,3.6121735253e-05
3575974,25341,3.6114840477e-05
3578727,10354,3.61079457e-05
3575691,17231,3.6101050923e-05
3578194,182116,3.6073471816e-05
3577536,32461,3.6073471816e-05
3575538,8756,3.6052787486e-05
3574057,11577,3.6052787486e-05
3583533,285744,3.5970050165e-05
3576660,68682,3.5970050165e-05
3578599,20850,3.5894207622e-05
3575460,7209,3.5880418068e-05
3578364,27416,3.5818365078e-05
3580351,11562,3.5790785971e-05
3579161,236694,3.5783891194e-05
3578881,249013,3.5783891194e-05
3574728,14801,3.570804865e-05
3575286,41051,3.5701153873e-05
3578658,6655,3.5680469543e-05
3573639,9767,3.5673574766e-05
3576988,132707,3.5659785213e-05
3585240,133306,3.5632206106e-05
3573339,35823,3.5625311329e-05
3579151,144936,3.5618416553e-05
3588775,17480,3.5556363562e-05
3576330,157445,3.5521889678e-05
3577422,981,3.5494310572e-05
3575301,57153,3.5494310572e-05
3573329,15740,3.5487415795e-05
3583230,27094,3.5452941911e-05
3575676,8190,3.5452941911e-05
3578145,144731,3.5418468028e-05
3577087,911,3.5390888921e-05
3578313,197011,3.5342625484e-05
3574930,27441,3.53081516e-05
3581345,107887,3.524609861e-05
3582440,122766,3.5232309056e-05
3580490,114277,3.5225414279e-05
3573927,3432,3.5204729949e-05
3584863,36278,3.5184045619e-05
3576754,135655,3.5163361289e-05
3574301,535,3.5163361289e-05
3575550,18263,3.5128887405e-05
3577722,32771,3.5121992629e-05
3574556,204262,3.5121992629e-05
3576201,7571,3.5101308298e-05
3583594,279374,3.5094413522e-05
3577802,7621,3.5018570978e-05
3580314,226386,3.5004781424e-05
3583756,159875,3.4990991871e-05
3577862,707,3.4970307541e-05
3581322,24972,3.4963412764e-05
3576927,277650,3.4963412764e-05
3582636,250531,3.4956517987e-05
3579025,77435,3.4859991113e-05
3583060,111117,3.4804832899e-05
3575211,19149,3.4804832899e-05
3582640,234701,3.4784148569e-05
3576608,15537,3.4777253792e-05
3576431,55630,3.4742779909e-05
3577554,11170,3.4728990355e-05
3577280,115427,3.4728990355e-05
3575516,75970,3.4728990355e-05
3594284,25812,3.4660042588e-05
3587874,39279,3.4660042588e-05
3579790,91191,3.4646253035e-05
3576599,8204,3.4632463481e-05
3588839,130508,3.4597989598e-05
3579214,33572,3.4570410491e-05
3578761,119368,3.45083575e-05
3580264,542,3.4494567947e-05
3579591,12596,3.4494567947e-05
3578023,252836,3.4439409733e-05
3574135,8390,3.4418725403e-05
3579029,126865,3.4398041073e-05
3583382,164376,3.4377356742e-05
3576510,25847,3.4370461966e-05
3582349,172471,3.4349777636e-05
3578681,113512,3.4301514198e-05
3586289,26596,3.4273935092e-05
3576678,1314,3.4232566431e-05
3576990,27988,3.4184302994e-05
3583852,31819,3.4177408217e-05
3578892,24428,3.4177408217e-05
3575560,123468,3.4163618664e-05
3583751,56870,3.4142934334e-05
3578018,2607,3.4136039557e-05
3573268,15853,3.4136039557e-05
3575174,1144,3.4115355227e-05
3579693,131705,3.4080881343e-05
3573257,1042,3.4060197013e-05
3578138,117873,3.4053302236e-05
3580081,200544,3.402572313e-05
3581765,113376,3.4018828353e-05
3581476,293118,3.3949880586e-05
3576270,221717,3.3908511925e-05
3576587,2539,3.3860248488e-05
3585158,146088,3.3846458935e-05
3581266,208533,3.3811985051e-05
3576438,51570,3.3811985051e-05
3576089,31786,3.3811985051e-05
3579632,223829,3.3805090274e-05
3577886,7684,3.3805090274e-05
3571954,19348,3.3777511167e-05
3581857,18239,3.3770616391e-05
3582361,118637,3.372924773e-05
3579731,81680,3.3722352954e-05
3575386,8508,3.37085634e-05
3575753,150007,3.368787907e-05
3573952,23627,3.3680984293e-05
3580957,136772,3.366719474e-05
3577546,30253,3.3653405186e-05
3573635,5570,3.3591352196e-05
3588222,30151,3.3570667866e-05
3579509,127743,3.3570667866e-05
3574486,1017,3.3556878312e-05
3577780,237709,3.3536193982e-05
3577496,138137,3.3515509652e-05
3582235,247578,3.3494825322e-05
3580601,110834,3.3474140992e-05
3573422,528,3.3446561885e-05
3582467,167809,3.3370719341e-05
3578150,19150,3.3370719341e-05
3582722,197078,3.3363824564e-05
3576670,125410,3.332935068e-05
3579821,123931,3.3315561127e-05
3580225,114156,3.3294876797e-05
3576662,9768,3.3294876797e-05
3596853,141289,3.3281087243e-05
3582113,18443,3.326729769e-05
3576768,165479,3.326729769e-05
3579242,27367,3.3260402913e-05
3578791,104282,3.3253508137e-05
3583948,204886,3.3239718583e-05
3581672,150733,3.3232823806e-05
3581530,250627,3.3232823806e-05
3580249,16933,3.3232823806e-05
3582782,107140,3.322592903e-05
3579838,139654,3.3184560369e-05
3578569,19874,3.3184560369e-05
3576332,144379,3.3184560369e-05
3576172,172516,3.3163876039e-05
3576104,532,3.3150086486e-05
3581803,115036,3.3129402155e-05
3576790,8408,3.3115612602e-05
3575913,6358,3.3094928272e-05
3580479,307143,3.3074243942e-05
3577829,20043,3.3060454388e-05
3579260,18452,3.3053559612e-05
3577288,188555,3.3053559612e-05
3586273,252827,3.3039770058e-05
3574794,83339,3.3032875281e-05
3578728,54736,3.2991506621e-05
3580835,99071,3.2963927514e-05
3585233,122345,3.2957032737e-05
3578518,110807,3.29087693e-05
3578291,233307,3.29087693e-05
3580235,25741,3.2901874524e-05
3581725,143882,3.2894979747e-05
3578872,7675,3.2839821533e-05
3576488,19440,3.2757084212e-05
3585693,7116,3.2736399882e-05
3589095,38789,3.2729505106e-05
3583358,99821,3.2695031222e-05
3580550,11409,3.2688136445e-05
3594317,145796,3.2674346892e-05
3584021,143289,3.2646767785e-05
3579941,37294,3.2646767785e-05
3573451,35073,3.2646767785e-05
3575936,19853,3.2632978231e-05
3581576,34705,3.2612293901e-05
3583629,116021,3.2577820018e-05
3576929,35283,3.2570925241e-05
3576914,95668,3.2557135687e-05
3574265,55494,3.2495082697e-05
3580963,22952,3.2474398367e-05
3581980,127348,3.2460608813e-05
3580540,155706,3.242613493e-05
3589203,267805,3.2377871493e-05
3582402,9638,3.2370976716e-05
3575309,152,3.2364081939e-05
3583489,36889,3.2336502832e-05
3578004,86750,3.2336502832e-05
3575428,17683,3.2336502832e-05
3577022,4839,3.2315818502e-05
3580488,137981,3.2308923725e-05
3580801,116174,3.2295134172e-05
3578421,121203,3.2288239395e-05
3581179,57260,3.2274449842e-05
3583805,287004,3.2253765512e-05
3582826,261974,3.2253765512e-05
3579461,152259,3.2219291628e-05
3578581,133674,3.2219291628e-05
3588604,138375,3.2164133414e-05
3575776,26402,3.2150343861e-05
3573357,10490,3.2150343861e-05
3577233,18225,3.2081396094e-05
3575846,9461,3.2081396094e-05
3581951,185995,3.206760654e-05
3580984,256636,3.2060711763e-05
3577907,18077,3.2053816987e-05
3579157,9809,3.2040027433e-05
3584277,20472,3.202623788e-05
3574833,35842,3.2019343103e-05
3573715,46,3.2019343103e-05
3581978,148259,3.1998658773e-05
3580976,178361,3.1998658773e-05
3575275,8758,3.1991763996e-05
3578374,119285,3.1977974443e-05
3586147,36272,3.1971079666e-05
3576324,35010,3.1971079666e-05
3574906,32997,3.1971079666e-05
3577061,11347,3.1943500559e-05
3580645,266573,3.1936605782e-05
3577079,186132,3.1909026675e-05
3577903,130185,3.1902131899e-05
3574852,32723,3.1881447569e-05
3582992,107317,3.1867658015e-05
3580122,81909,3.1840078908e-05
3576371,12879,3.1840078908e-05
3580229,223172,3.1826289355e-05
3577498,142740,3.1805605025e-05
3580798,156090,3.1798710248e-05
3575673,34392,3.1778025918e-05
3590014,343442,3.1757341588e-05
3581947,9497,3.1743552034e-05
3584358,279635,3.1736657257e-05
3575402,119374,3.1729762481e-05
3578601,7637,3.1722867704e-05
3578085,322923,3.1722867704e-05
3575827,633,3.1660814713e-05
3575350,119455,3.164702516e-05
3574205,90566,3.164702516e-05
3578021,76723,3.162634083e-05
3577290,1354,3.1598761723e-05
3576946,118272,3.1578077393e-05
3575829,2188,3.1571182616e-05
3580124,11596,3.1543603509e-05
3579065,246919,3.1529813956e-05
3583017,290808,3.1516024402e-05
3577181,138205,3.1516024402e-05
3577682,20875,3.1502234849e-05
3584916,119390,3.1495340072e-05
3589480,267011,3.1488445295e-05
3576392,31598,3.1488445295e-05
3580325,121286,3.1481550519e-05
3589141,17906,3.1433287082e-05
3581181,8259,3.1433287082e-05
3576925,131062,3.1385023644e-05
3574736,56010,3.1385023644e-05
3581436,19943,3.1364339314e-05
3585357,159221,3.1343654984e-05
3582997,670,3.1343654984e-05
3581715,283892,3.1343654984e-05
3577494,430,3.1336760207e-05
3593187,111965,3.1322970654e-05
3576360,769,3.1322970654e-05
3579993,95407,3.1316075877e-05
3575793,912,3.1309181101e-05
3583694,55137,3.1295391547e-05
3582404,11857,3.1295391547e-05
3587205,174067,3.128849677e-05
3586392,252869,3.1274707217e-05
3578417,2192,3.1260917663e-05
3589245,24815,3.1254022887e-05
3578122,61884,3.1164390789e-05
3580991,116732,3.1157496013e-05
3580761,303304,3.1157496013e-05
3584854,213113,3.1123022129e-05
3581102,103286,3.1116127352e-05
3574904,55076,3.1102337799e-05
3582937,271422,3.1095443022e-05
3576531,29580,3.1060969139e-05
3580299,19405,3.1054074362e-05
3583789,152247,3.1005810925e-05
3580914,110294,3.1005810925e-05
3595591,75385,3.0998916148e-05
3579182,55121,3.0985126595e-05
3576376,68509,3.0978231818e-05
3576013,288977,3.0957547488e-05
3583291,146438,3.0950652711e-05
3576215,5591,3.0943757934e-05
3579653,33315,3.0916178827e-05
3584351,135913,3.0909284051e-05
3576264,836,3.0895494497e-05
3585054,133227,3.0833441507e-05
